date, pm25, pm10, so2, co
2025/11/1, 4, 6, , 
2025/11/2, 3, 10, , 
2025/11/3, 3, 7, , 
2025/11/4, 4, 3, , 
2025/11/5, 5, 3, , 
2025/11/6, 4, 2, , 
2025/11/7, 2, 4, , 
2025/11/8, 3, 5, , 
2025/11/9, 3, 6, , 
2025/11/10, 4, 7, , 
2025/11/11, 3, 8, , 
2025/11/12, 4, 5, , 
2025/11/13, 3, 5, , 
2025/11/14, 4, 4, , 
2025/11/15, 3, 5, , 
2025/11/16, 4, 10, , 
2025/11/17, 4, 10, 7, 
2025/11/18, 3, 10, , 
2025/11/19, 4, 4, , 
2025/11/20, 4, 4, , 
2025/11/21, 4, 5, 2, 
2025/11/22, 3, 3, , 
2025/11/23, 3, 4, , 
2025/11/24, 4, 5, 150, 
2025/11/25, 3, , , 
2025/10/1, 4, 9, , 
2025/10/2, 3, 24, , 
2025/10/3, 6, 5, , 
2025/10/4, 5, 1, , 
2025/10/5, 3, 1, , 
2025/10/6, 3, 3, , 
2025/10/7, 3, 5, , 
2025/10/8, 4, 7, , 
2025/10/9, 5, 6, , 
2025/10/10, 4, 6, , 
2025/10/11, 5, 6, 11, 
2025/10/12, 4, 8, 5, 
2025/10/13, 5, 11, , 
2025/10/14, 6, 8, , 
2025/10/15, 6, 16, , 
2025/10/16, 8, 9, , 
2025/10/17, 5, 7, , 
2025/10/18, 4, 7, , 
2025/10/19, 4, 4, 2, 
2025/10/20, 3, 3, , 
2025/10/21, 3, 6, 3, 
2025/10/22, 3, 10, , 
2025/10/23, 3, 6, 2, 
2025/10/24, 4, 5, , 
2025/10/25, 3, 3, , 
2025/10/26, 3, 7, , 
2025/10/27, 4, 9, , 
2025/10/28, 3, 8, 3, 
2025/10/29, 4, 7, , 
2025/10/30, 4, 9, , 
2025/10/31, 6, 6, , 
2025/7/1, 24, 20, 2, 1
2025/7/2, 22, 6, , 
2025/7/3, 5, 3, , 
2025/7/4, 4, 10, , 
2025/7/5, 20, 5, , 
2025/7/6, 4, 7, , 
2025/7/7, 4, 3, , 
2025/7/8, 4, 13, , 
2025/7/9, 17, 28, 2, 1
2025/7/10, 29, 14, 2, 1
2025/7/11, 20, 7, , 
2025/7/12, 8, 3, 21, 
2025/7/13, 4, 2, , 
2025/7/14, 3, 11, , 
2025/7/15, 18, 6, , 
2025/7/16, 9, 19, 2, 
2025/7/17, 20, 13, , 1
2025/7/18, 19, 8, 3, 
2025/7/19, 13, 6, , 
2025/7/20, 6, 5, , 
2025/7/21, 3, 7, , 
2025/7/22, 12, 7, , 1
2025/7/23, 12, 1, , 
2025/7/24, 3, 1, , 
2025/7/25, 3, 5, , 
2025/7/26, 7, 3, , 
2025/7/27, 4, 2, , 
2025/7/28, 3, 2, , 
2025/7/29, 2, 7, , 
2025/7/30, 11, 5, , 
2025/7/31, 3, 3, , 
2025/8/1, 4, 3, , 
2025/8/2, 2, 2, , 
2025/8/3, 3, 3, , 
2025/8/4, 3, 3, , 
2025/8/5, 4, 3, , 
2025/8/6, 2, 6, , 
2025/8/7, 3, 4, , 
2025/8/8, 4, 3, , 
2025/8/9, 4, 2, , 
2025/8/10, 3, 10, , 
2025/8/11, 11, 9, , 
2025/8/12, 6, 7, , 
2025/8/13, 4, 3, , 
2025/8/14, 3, 8, , 
2025/8/15, 6, 11, , 
2025/8/16, 9, 9, , 
2025/8/17, 5, 6, , 
2025/8/18, 3, 4, , 
2025/8/19, 3, 2, , 
2025/8/20, 3, 7, , 
2025/8/21, 9, 12, , 
2025/8/22, 13, 4, 9, 
2025/8/23, 4, 1, , 
2025/8/24, 2, 1, , 
2025/8/25, 2, 1, , 
2025/8/26, 3, 4, , 
2025/8/27, 4, 6, , 
2025/8/28, 11, 7, , 
2025/8/29, 5, 7, , 
2025/8/30, 4, 5, , 
2025/8/31, 4, 8, , 
2025/9/1, 9, 11, , 
2025/9/2, 12, 9, 2, 
2025/9/3, 6, 6, , 
2025/9/4, 5, 6, , 
2025/9/5, 6, 3, , 
2025/9/6, 4, 2, , 
2025/9/7, 2, 2, , 
2025/9/8, 3, 3, , 
2025/9/9, 4, 3, , 
2025/9/10, 3, 6, , 
2025/9/11, 4, 4, 195, 
2025/9/12, 4, 4, , 
2025/9/13, 3, 7, , 
2025/9/14, 3, 4, , 
2025/9/15, 4, 7, , 
2025/9/16, 7, 7, , 
2025/9/17, 7, 3, , 
2025/9/18, 2, 3, , 
2025/9/19, 3, 3, , 
2025/9/20, 3, 3, , 
2025/9/21, 3, 4, , 
2025/9/22, 3, 8, , 
2025/9/23, 3, 16, 2, 
2025/9/24, 6, 10, 2, 
2025/9/25, 5, 7, , 
2025/9/26, 6, 10, 12, 
2025/9/27, 5, 8, , 
2025/9/28, 5, 4, , 
2025/9/29, 3, 6, , 
2025/9/30, 5, 5, , 
2025/4/1, 8, 8, , 
2025/4/2, 7, 9, , 
2025/4/3, 6, 8, , 
2025/4/4, 5, 4, , 
2025/4/5, 3, 6, , 
2025/4/6, 4, 7, , 
2025/4/7, 4, 5, , 
2025/4/8, 6, 6, , 
2025/4/9, 6, 4, , 
2025/4/10, 4, 11, , 
2025/4/11, 4, 8, , 
2025/4/12, 5, 9, , 
2025/4/13, 6, 4, , 
2025/4/14, 5, 3, , 
2025/4/15, 4, 6, , 
2025/4/16, 4, 2, , 
2025/4/17, 4, 3, , 
2025/4/18, 3, 3, , 
2025/4/19, 3, 4, , 
2025/4/20, 3, 4, , 
2025/4/21, 3, 5, , 
2025/4/22, 4, 4, , 
2025/4/23, 3, 2, , 
2025/4/24, 3, 4, , 
2025/4/25, 4, 5, , 
2025/4/26, 4, 4, , 
2025/4/27, 3, 2, , 
2025/4/28, 3, 4, , 
2025/4/29, 3, 4, , 
2025/4/30, 3, 5, 12, 
2025/5/1, 3, 4, , 
2025/5/2, 3, 5, , 
2025/5/3, 4, 8, , 
2025/5/4, 5, 12, , 
2025/5/5, 7, 10, , 
2025/5/6, 6, 6, , 
2025/5/7, 4, 5, , 
2025/5/8, 4, 9, , 
2025/5/9, 6, 9, , 
2025/5/10, 5, 7, , 
2025/5/11, 4, 8, , 
2025/5/12, 5, 9, , 
2025/5/13, 4, 4, , 
2025/5/14, 4, 5, , 
2025/5/15, 3, 8, , 
2025/5/16, 4, 6, , 
2025/5/17, 4, 5, 2, 
2025/5/18, 4, 12, , 
2025/5/19, 12, 10, , 
2025/5/20, 7, 9, , 
2025/5/21, 5, 14, 2, 
2025/5/22, 12, 7, , 
2025/5/23, 6, 6, , 
2025/5/24, 6, 6, , 
2025/5/25, 4, 7, , 
2025/5/26, 6, 5, , 
2025/5/27, 3, 6, , 
2025/5/28, 4, 7, , 
2025/5/29, 4, 7, , 
2025/5/30, 4, 7, , 
2025/5/31, 12, 7, , 
2025/6/1, 8, 6, 20, 
2025/6/2, 3, 2, , 
2025/6/3, 4, 2, , 
2025/6/4, 3, 2, , 
2025/6/5, 3, 9, , 
2025/6/6, 11, 21, , 1
2025/6/7, 32, 12, , 1
2025/6/8, 17, 11, , 
2025/6/9, 12, 4, , 
2025/6/10, 5, 4, , 
2025/6/11, 3, 14, 2, 1
2025/6/12, 14, 5, , 
2025/6/13, 5, 14, 15, 
2025/6/14, 14, 4, , 
2025/6/15, 5, 6, , 
2025/6/16, 5, 7, , 
2025/6/17, 7, 6, , 
2025/6/18, 5, 4, , 
2025/6/19, 5, 5, , 
2025/6/20, 7, 3, , 
2025/6/21, 4, 2, , 
2025/6/22, 3, 5, , 
2025/6/23, 5, 4, , 
2025/6/24, 3, 5, 2, 
2025/6/25, 4, 11, , 
2025/6/26, 11, 13, , 1
2025/6/27, 15, 8, , 
2025/6/28, 7, 6, , 
2025/6/29, 4, 6, , 
2025/6/30, 8, 18, 2, 1
2025/1/1, 5, 9, 12, 
2025/1/2, 5, 10, , 
2025/1/3, 7, 5, , 
2025/1/4, 5, 8, , 
2025/1/5, 6, 7, , 
2025/1/6, 5, 7, 8, 
2025/1/7, 5, 6, , 
2025/1/8, 7, 10, , 
2025/1/9, 9, 9, 6, 
2025/1/10, 6, 6, , 
2025/1/11, 6, 9, , 
2025/1/12, 6, 5, , 
2025/1/13, 5, 7, , 
2025/1/14, 6, 8, , 
2025/1/15, 5, 8, 2, 
2025/1/16, 5, 12, , 
2025/1/17, 5, 7, , 
2025/1/18, 9, 8, , 
2025/1/19, 6, 11, , 
2025/1/20, 6, 10, , 
2025/1/21, 6, 10, , 
2025/1/22, 5, 9, , 
2025/1/23, 7, 12, , 
2025/1/24, 5, 10, , 
2025/1/25, 6, , , 
2025/1/28, 4, 9, , 
2025/1/29, 5, 8, , 
2025/1/30, 4, 14, 8, 
2025/1/31, 4, 7, , 
2025/2/1, 4, , , 
2025/2/4, 7, 9, , 
2025/2/5, 7, 11, , 
2025/2/6, 8, 9, , 
2025/2/7, 8, 10, , 
2025/2/8, 7, 12, 5, 
2025/2/9, 8, 8, , 
2025/2/10, 5, 10, , 
2025/2/11, 6, 5, , 
2025/2/12, 4, 7, , 
2025/2/13, 5, 4, , 
2025/2/14, 3, 8, , 
2025/2/15, 5, 6, , 
2025/2/16, 4, 2, , 
2025/2/17, 3, 7, , 
2025/2/18, 7, 8, , 
2025/2/19, 7, 7, , 
2025/2/20, 7, 6, , 
2025/2/21, 6, 5, , 
2025/2/22, 4, 7, , 
2025/2/23, 5, 7, 278, 
2025/2/24, 6, 10, , 
2025/2/25, 10, 13, , 
2025/2/26, 9, 7, , 
2025/2/27, 7, 7, , 
2025/2/28, 7, 5, , 
2025/3/1, 5, 6, , 
2025/3/2, 5, 8, , 
2025/3/3, 4, 10, , 
2025/3/4, 6, 8, , 
2025/3/5, 5, 8, , 
2025/3/6, 6, 12, , 
2025/3/7, 7, 12, , 
2025/3/8, 7, 5, , 
2025/3/9, 4, 6, , 
2025/3/10, 4, 8, , 
2025/3/11, 6, 10, , 
2025/3/12, 5, 4, , 
2025/3/13, 6, 4, , 
2025/3/14, 5, 3, , 
2025/3/15, 4, 3, , 
2025/3/16, 4, 7, , 
2025/3/17, 6, 8, , 
2025/3/18, 6, 10, , 
2025/3/19, 8, 5, , 
2025/3/20, 4, 8, , 
2025/3/21, 6, , , 
2025/3/24, 4, 9, , 
2025/3/25, 5, 11, , 
2025/3/26, 6, 7, , 
2025/3/27, 6, 11, , 
2025/3/28, 8, 9, , 
2025/3/29, 5, 9, , 
2025/3/30, 6, , , 
2024/10/1, 3, 10, , 
2024/10/2, 4, 3, , 
2024/10/3, 3, 3, , 
2024/10/4, 3, 5, , 
2024/10/5, 4, 6, 16, 
2024/10/6, 6, 7, 18, 
2024/10/7, 6, 9, 8, 
2024/10/8, 6, 9, 29, 
2024/10/9, 7, 10, , 
2024/10/10, 7, 8, , 
2024/10/11, 6, 4, , 
2024/10/12, 5, 7, 2, 
2024/10/13, 8, 5, 2, 
2024/10/14, 6, 4, , 
2024/10/15, 4, 7, , 
2024/10/16, 4, 3, 2, 
2024/10/17, 4, 7, , 
2024/10/18, 5, 10, , 
2024/10/19, 8, 8, , 
2024/10/20, 5, 2, , 
2024/10/21, 3, 6, 2, 
2024/10/22, 4, 6, , 
2024/10/23, 4, 14, , 
2024/10/24, 6, 12, , 
2024/10/25, 5, 4, , 
2024/10/26, 3, 4, , 
2024/10/27, 3, 7, , 
2024/10/28, 4, 9, 2, 
2024/10/29, 6, 8, 4, 
2024/10/30, 6, 8, , 
2024/10/31, 6, 8, , 
2024/11/1, 6, 8, , 
2024/11/2, 8, 8, , 
2024/11/3, 6, 9, 2, 
2024/11/4, 6, 10, 2, 
2024/11/5, 11, 5, , 
2024/11/6, 3, 6, , 
2024/11/7, 3, 6, , 
2024/11/8, 5, 3, , 
2024/11/9, 4, 4, , 
2024/11/10, 3, 5, , 
2024/11/11, 3, 5, , 
2024/11/12, 4, 8, , 
2024/11/13, 5, 8, , 
2024/11/14, 6, 6, , 
2024/11/15, 5, 6, , 
2024/11/16, 4, 9, , 
2024/11/17, 5, 9, , 
2024/11/18, 4, 7, , 
2024/11/19, 4, 2, , 
2024/11/20, 4, 3, , 
2024/11/21, 4, 3, , 
2024/11/22, 4, 4, , 
2024/11/23, 4, 5, , 
2024/11/24, 4, 5, , 
2024/11/25, 4, 5, , 
2024/11/26, 4, 5, , 
2024/11/27, 4, 5, , 
2024/11/28, 3, 6, , 
2024/11/29, 4, 5, , 
2024/11/30, 4, 10, , 
2024/12/1, 5, 4, , 
2024/12/2, 4, 6, , 
2024/12/3, 5, 6, , 
2024/12/4, 4, 8, , 
2024/12/5, 5, 10, , 
2024/12/6, 7, 10, , 
2024/12/7, 6, 7, , 
2024/12/8, 6, 8, , 
2024/12/9, 6, 5, , 
2024/12/10, 5, 7, , 
2024/12/11, 6, 7, , 
2024/12/12, 6, 6, , 
2024/12/13, 5, 3, , 
2024/12/14, 4, 6, , 
2024/12/15, 6, 9, , 
2024/12/16, 9, 9, , 
2024/12/17, 7, 11, , 
2024/12/18, 7, 14, , 
2024/12/19, 8, 7, , 
2024/12/20, 6, 8, , 
2024/12/21, 7, 6, , 
2024/12/22, 4, 7, , 
2024/12/23, 4, 6, , 
2024/12/24, 4, 4, , 
2024/12/25, 4, 5, , 
2024/12/26, 4, 5, , 
2024/12/27, 4, 5, , 
2024/12/28, 3, 8, 7, 
2024/12/29, 6, , , 
2024/7/1, 4, 3, 2, 
2024/7/2, 5, 5, 5, 
2024/7/3, 4, 2, 8, 
2024/7/4, 2, 3, , 
2024/7/5, 3, 5, 2, 
2024/7/6, 7, 1, , 
2024/7/7, 3, 7, , 
2024/7/8, 10, 2, , 
2024/7/9, 2, 2, , 
2024/7/10, 6, 10, , 
2024/7/11, 15, 18, 5, 1
2024/7/12, 23, 13, , 1
2024/7/13, 18, 5, 5, 
2024/7/14, 3, 5, , 
2024/7/15, 3, 4, , 
2024/7/16, 3, 3, , 
2024/7/17, 4, 3, , 
2024/7/18, 4, 4, , 
2024/7/19, 4, 7, , 
2024/7/20, 7, 4, , 
2024/7/21, 4, 8, , 
2024/7/22, 10, 3, , 
2024/7/23, 4, 3, , 
2024/7/24, 3, 4, , 
2024/7/25, 4, 6, , 
2024/7/26, 12, 5, , 1
2024/7/27, 10, 2, , 
2024/7/28, 3, 6, , 
2024/7/29, 8, 8, 2, 
2024/7/30, 9, 9, , 
2024/7/31, 9, 2, , 
2024/8/1, 2, 10, 2, 
2024/8/2, 12, , , 
2024/8/5, 17, 4, , 
2024/8/6, 5, 4, , 
2024/8/7, 6, , , 
2024/8/9, 7, 4, , 
2024/8/10, 3, 4, , 
2024/8/11, 3, 5, , 
2024/8/12, 4, 6, , 
2024/8/13, 6, 4, , 
2024/8/14, 3, 3, , 
2024/8/15, 3, 10, , 
2024/8/16, 11, 6, 19, 
2024/8/17, 4, 2, , 
2024/8/18, 3, 2, , 
2024/8/19, 2, 3, , 
2024/8/20, 5, 8, 2, 
2024/8/21, 10, 6, , 
2024/8/22, 3, 1, , 
2024/8/23, 2, 8, , 
2024/8/24, 4, 7, , 
2024/8/25, 5, 7, , 
2024/8/26, 7, 4, , 
2024/8/27, 2, 6, , 
2024/8/28, 4, 7, , 
2024/8/29, 3, 5, , 
2024/8/30, 4, 5, , 
2024/8/31, 2, 3, 17, 
2024/9/1, 3, 5, 11, 
2024/9/2, 4, 7, , 
2024/9/3, 4, 8, , 
2024/9/4, 4, 5, , 
2024/9/5, 2, 3, , 
2024/9/6, 3, 7, , 
2024/9/7, 8, 6, 3, 
2024/9/8, 7, 7, 15, 
2024/9/9, 4, 7, 19, 
2024/9/10, 5, 4, , 
2024/9/11, 3, 7, , 
2024/9/12, 3, 8, , 
2024/9/13, 4, 6, , 
2024/9/14, 4, 5, , 
2024/9/15, 3, 8, , 
2024/9/16, 4, 12, , 
2024/9/17, 6, 11, 24, 
2024/9/18, 6, 5, , 
2024/9/19, 3, 6, , 
2024/9/20, 4, 4, , 
2024/9/21, 3, 8, 6, 
2024/9/22, 4, 6, , 
2024/9/23, 4, 7, , 
2024/9/24, 4, 5, , 
2024/9/25, 3, 5, 8, 
2024/9/26, 3, 3, , 
2024/9/27, 5, 2, , 
2024/9/28, 3, 7, 38, 
2024/9/29, 8, 6, 6, 
2024/9/30, 4, 6, 7, 
2024/4/1, 3, 5, 14, 
2024/4/2, 3, 6, 14, 
2024/4/3, 4, 2, 14, 
2024/4/4, 2, 5, 17, 
2024/4/5, 3, 5, 15, 
2024/4/6, 3, 4, 15, 
2024/4/7, 2, 5, 15, 
2024/4/8, 3, 4, , 
2024/4/9, 4, 5, 15, 
2024/4/10, 3, 2, 17, 
2024/4/11, 2, 2, 14, 
2024/4/12, 3, 2, , 
2024/4/13, 3, 2, 18, 
2024/4/14, 2, 3, 17, 
2024/4/15, 3, 4, 2, 
2024/4/16, 2, 3, 2, 
2024/4/17, 48, 3, 2, 
2024/4/18, 3, 6, , 
2024/4/19, 3, 3, 5, 
2024/4/20, 2, 4, 6, 
2024/4/21, 3, 10, 5, 
2024/4/22, 4, 5, , 
2024/4/23, 3, 4, 2, 
2024/4/24, 2, 4, , 
2024/4/25, 2, 4, 2, 
2024/4/26, 3, 6, 2, 
2024/4/27, 7, 10, 6, 
2024/4/28, 14, 4, , 
2024/4/29, 3, 4, 2, 
2024/4/30, 3, 4, , 
2024/5/1, 3, 10, 32, 
2024/5/2, 5, 8, 2, 
2024/5/3, 7, , , 
2024/5/6, 3, 4, , 
2024/5/7, 4, 5, , 
2024/5/8, 4, 6, 2, 
2024/5/9, 5, 5, 3, 
2024/5/10, 3, 5, 11, 
2024/5/11, 4, 6, 5, 
2024/5/12, 4, 6, , 
2024/5/13, 3, 9, 15, 
2024/5/14, 3, 20, 2, 
2024/5/15, 10, 6, , 
2024/5/16, 4, 4, , 
2024/5/17, 3, 5, , 
2024/5/18, 4, 6, , 
2024/5/19, 3, 5, , 
2024/5/20, 3, 8, , 
2024/5/21, 4, 11, , 
2024/5/22, 6, 8, , 
2024/5/23, 5, 9, , 
2024/5/24, 5, 16, 2, 
2024/5/25, 14, 14, , 
2024/5/26, 13, 11, , 
2024/5/27, 7, 6, 33, 
2024/5/28, 4, 4, , 
2024/5/29, 4, 4, , 
2024/5/30, 4, 8, , 
2024/5/31, 11, 3, , 
2024/6/1, 2, 3, , 
2024/6/2, 6, 3, , 
2024/6/3, 3, 11, 29, 
2024/6/4, 15, 5, 5, 
2024/6/5, 5, 2, , 
2024/6/6, 4, 2, , 
2024/6/7, 4, 2, 15, 
2024/6/8, 3, 1, 2, 
2024/6/9, 3, 3, , 
2024/6/10, 3, 5, , 
2024/6/11, 3, 3, , 
2024/6/12, 5, 7, , 
2024/6/13, 10, 5, , 
2024/6/14, 5, 4, 14, 
2024/6/15, 4, 10, , 
2024/6/16, 15, 10, 28, 
2024/6/17, 13, 2, 15, 
2024/6/18, 3, 5, 7, 
2024/6/19, 3, 7, , 
2024/6/20, 8, 5, 26, 
2024/6/21, 7, 2, , 
2024/6/22, 2, 5, , 
2024/6/23, 5, 4, , 
2024/6/24, 7, 10, 2, 
2024/6/25, 18, 8, , 1
2024/6/26, 11, 4, , 
2024/6/27, 8, 4, , 
2024/6/28, 5, 1, , 
2024/6/29, 2, 1, , 
2024/6/30, 2, 2, , 
2024/1/1, 9, 3, 9, 
2024/1/2, 4, 2, , 
2024/1/3, 3, 3, , 
2024/1/4, 3, 2, 12, 
2024/1/5, 2, 3, 15, 
2024/1/6, 3, 2, , 
2024/1/7, 3, 7, 11, 
2024/1/8, 3, 14, 19, 
2024/1/9, 6, 8, 14, 
2024/1/10, 5, 8, 13, 
2024/1/11, 5, 9, 11, 
2024/1/12, 9, , , 
2024/1/15, 9, 10, , 
2024/1/16, 10, 7, 10, 
2024/1/17, 7, , , 
2024/1/19, 7, 5, 14, 
2024/1/20, 6, 7, 12, 
2024/1/21, 5, 8, 31, 
2024/1/22, 7, 5, 14, 
2024/1/23, 4, 5, 13, 
2024/1/24, 4, 4, 12, 
2024/1/25, 5, 6, 12, 
2024/1/26, 4, 5, 12, 
2024/1/27, 4, 8, 22, 
2024/1/28, 5, 12, 13, 
2024/1/29, 5, 9, 11, 
2024/1/30, 7, 7, 12, 
2024/1/31, 5, 11, 12, 
2024/2/1, 4, 10, 13, 
2024/2/2, 4, 13, , 
2024/2/3, 6, 3, 24, 
2024/2/4, 3, 4, 12, 
2024/2/5, 3, 5, 11, 
2024/2/6, 3, 8, 11, 
2024/2/7, 3, 8, 12, 
2024/2/8, 3, 9, 12, 
2024/2/9, 4, 10, 13, 
2024/2/10, 5, 11, 14, 
2024/2/11, 5, 16, 13, 
2024/2/12, 6, 7, 14, 
2024/2/13, 5, 8, 13, 
2024/2/14, 6, 9, 14, 
2024/2/15, 7, 16, 14, 
2024/2/16, 8, 10, 14, 
2024/2/17, 6, 11, , 
2024/2/18, 11, 10, 14, 
2024/2/19, 5, 6, 16, 
2024/2/20, 3, 10, 14, 
2024/2/21, 4, 11, , 
2024/2/22, 7, 10, 14, 
2024/2/23, 5, 11, 17, 
2024/2/24, 6, 4, , 
2024/2/25, 5, 5, 14, 
2024/2/26, 6, 6, 22, 
2024/2/27, 7, 4, 14, 
2024/2/28, 4, 6, , 
2024/2/29, 4, 4, 19, 
2024/3/1, 3, 5, 12, 
2024/3/2, 4, 4, , 
2024/3/3, 5, 4, 14, 
2024/3/4, 4, 4, 14, 
2024/3/5, 6, 2, , 
2024/3/6, 2, 3, , 
2024/3/7, 4, 3, 14, 
2024/3/8, 3, 4, 14, 
2024/3/9, 5, 4, , 
2024/3/10, 3, 1, 14, 
2024/3/11, 2, 1, , 
2024/3/12, 2, 2, 14, 
2024/3/13, 2, 2, , 
2024/3/14, 2, 2, 14, 
2024/3/15, 3, 2, 15, 
2024/3/16, 3, 2, 15, 
2024/3/17, 3, 3, 15, 
2024/3/18, 4, 6, , 
2024/3/19, 4, 7, 14, 
2024/3/20, 3, 5, , 
2024/3/21, 4, 5, 14, 
2024/3/22, 3, 3, , 
2024/3/23, 3, 4, , 
2024/3/24, 3, 6, 14, 
2024/3/25, 4, 4, 14, 
2024/3/26, 3, 4, 14, 
2024/3/27, 3, 5, 14, 
2024/3/28, 3, 4, 15, 
2024/3/29, 3, 7, 15, 
2024/3/30, 4, 8, 20, 
2024/3/31, 4, 5, , 
2023/10/1, 3, 6, 5, 
2023/10/2, 3, 3, 7, 
2023/10/3, 3, 6, 3, 
2023/10/4, 4, 9, 4, 
2023/10/5, 4, 5, 4, 
2023/10/6, 3, 7, 4, 
2023/10/7, 4, 10, 8, 
2023/10/8, 5, 14, 5, 
2023/10/9, 8, 10, 15, 
2023/10/10, 7, 5, 5, 
2023/10/11, 4, 5, 3, 
2023/10/12, 3, 8, 4, 
2023/10/13, 3, 6, 5, 
2023/10/14, 3, 4, 5, 
2023/10/15, 4, 10, , 
2023/10/16, 5, 7, 11, 
2023/10/17, 4, 8, 9, 
2023/10/18, 6, 6, 17, 
2023/10/19, 5, 8, 7, 
2023/10/20, 5, 11, 17, 
2023/10/21, 6, 23, 5, 
2023/10/22, 9, 3, 13, 
2023/10/23, 4, 4, 4, 
2023/10/24, 3, 6, 4, 
2023/10/25, 3, 9, 13, 
2023/10/26, 4, 6, 25, 
2023/10/27, 4, 13, 4, 
2023/10/28, 6, 6, 13, 
2023/10/29, 4, 5, 5, 
2023/10/30, 4, 4, , 
2023/10/31, 3, 5, 7, 
2023/11/1, 3, 5, , 
2023/11/2, 3, 5, , 
2023/11/3, 4, 7, , 
2023/11/4, 5, 8, 7, 
2023/11/5, 7, 7, 7, 
2023/11/6, 8, 10, 15, 
2023/11/7, 11, 7, 17, 
2023/11/8, 7, 15, 7, 
2023/11/9, 7, 6, 6, 
2023/11/10, 3, , , 
2023/11/13, 10, 8, 7, 
2023/11/14, 8, 4, 5, 
2023/11/15, 4, 2, 5, 
2023/11/16, 3, 2, 5, 
2023/11/17, 2, 3, , 
2023/11/18, 3, 5, 7, 
2023/11/19, 3, 6, 7, 
2023/11/20, 4, 6, 5, 
2023/11/21, 4, 3, 5, 
2023/11/22, 2, 5, 6, 
2023/11/23, 3, 6, 6, 
2023/11/24, 3, 8, 7, 
2023/11/25, 4, 4, 8, 
2023/11/26, 3, 5, , 
2023/11/27, 4, 8, 8, 
2023/11/28, 4, 5, 11, 
2023/11/29, 3, 5, 10, 
2023/11/30, 4, 6, , 
2023/12/1, 4, 6, , 
2023/12/2, 4, 5, 20, 
2023/12/3, 5, 8, 15, 
2023/12/4, 7, 7, 8, 
2023/12/5, 5, 6, , 
2023/12/6, 5, 12, 8, 
2023/12/7, 6, 5, 24, 
2023/12/8, 4, 5, 7, 
2023/12/9, 3, 4, 7, 
2023/12/10, 3, 5, 9, 
2023/12/11, 3, 2, 23, 
2023/12/12, 2, 7, 9, 
2023/12/13, 4, 8, 8, 
2023/12/14, 5, 4, 8, 
2023/12/15, 3, 7, 9, 
2023/12/16, 4, 9, 10, 
2023/12/17, 6, 4, 8, 
2023/12/18, 3, 7, 8, 
2023/12/19, 5, 8, 8, 
2023/12/20, 4, 8, , 
2023/12/21, 5, 8, 10, 
2023/12/22, 7, 10, 8, 
2023/12/23, 8, 4, 8, 
2023/12/24, 3, 5, , 
2023/12/25, 4, 8, 10, 
2023/12/26, 4, 14, 34, 
2023/12/27, 14, 10, 8, 
2023/12/28, 8, 6, 8, 
2023/12/29, 4, 8, 8, 
2023/12/30, 6, 8, 9, 
2023/12/31, 5, 8, 11, 
2023/7/1, 5, 4, 16, 
2023/7/2, 4, 3, 2, 
2023/7/3, 5, 2, 2, 
2023/7/4, 3, 1, 2, 
2023/7/5, 2, 3, 2, 
2023/7/6, 4, 4, 2, 
2023/7/7, 8, 14, 2, 1
2023/7/8, 20, 24, 2, 1
2023/7/9, 42, 21, 3, 1
2023/7/10, 38, 16, 2, 1
2023/7/11, 27, 11, 2, 
2023/7/12, 20, 6, 2, 
2023/7/13, 10, 2, 5, 
2023/7/14, 3, 8, 5, 
2023/7/15, 10, 8, 5, 
2023/7/16, 13, 14, 3, 1
2023/7/17, 22, 5, 2, 
2023/7/18, 5, 2, 2, 
2023/7/19, 3, 9, 2, 
2023/7/20, 16, 9, 2, 1
2023/7/21, 19, 7, 3, 
2023/7/22, 11, 7, 2, 
2023/7/23, 6, 7, 14, 
2023/7/24, 4, 5, 2, 
2023/7/25, 4, 2, 2, 
2023/7/26, 3, 2, 2, 
2023/7/27, 3, 5, 2, 
2023/7/28, 8, 4, 2, 
2023/7/29, 5, 3, 19, 
2023/7/30, 4, 11, 3, 1
2023/7/31, 20, 4, 2, 
2023/8/1, 5, 5, 2, 
2023/8/2, 6, 1, 2, 
2023/8/3, 3, 3, 2, 
2023/8/4, 3, 3, 2, 
2023/8/5, 3, 8, 57, 8
2023/8/6, 5, 4, , 
2023/8/7, 4, 8, , 
2023/8/8, 3, 4, 14, 
2023/8/9, 3, 4, 2, 
2023/8/10, 3, 2, 5, 
2023/8/11, 3, 1, , 
2023/8/12, 2, 4, 6, 
2023/8/13, 8, 8, 3, 
2023/8/14, 16, 14, 3, 1
2023/8/15, 24, 7, 14, 
2023/8/16, 13, 1, 2, 
2023/8/17, 2, 9, 7, 
2023/8/18, 10, 10, 2, 
2023/8/19, 15, 5, 2, 
2023/8/20, 5, 3, 6, 
2023/8/21, 3, 7, 4, 
2023/8/22, 5, 10, 3, 
2023/8/23, 7, 6, 7, 
2023/8/24, 4, 6, 2, 
2023/8/25, 4, 7, 3, 
2023/8/26, 6, 6, 3, 
2023/8/27, 6, 6, 2, 
2023/8/28, 4, 4, 4, 
2023/8/29, 4, 3, , 
2023/8/30, 3, 6, 11, 
2023/8/31, 3, 6, 3, 
2023/9/1, 4, 4, , 
2023/9/2, 5, 5, , 
2023/9/3, 3, 5, 3, 
2023/9/4, 4, 3, 3, 
2023/9/5, 3, 3, 7, 
2023/9/6, 3, 3, 4, 
2023/9/7, 3, 7, 2, 
2023/9/8, 3, 7, 5, 
2023/9/9, 3, 9, 3, 
2023/9/10, 7, 10, 5, 
2023/9/11, 11, 11, 6, 
2023/9/12, 9, 18, 9, 
2023/9/13, 8, 6, 3, 
2023/9/14, 6, 7, 3, 
2023/9/15, 6, 6, 8, 
2023/9/16, 6, 3, 8, 
2023/9/17, 4, 3, , 
2023/9/18, 3, 4, 3, 
2023/9/19, 3, 6, , 
2023/9/20, 4, 11, 4, 
2023/9/21, 6, 8, 5, 
2023/9/22, 6, 10, 6, 
2023/9/23, 7, 3, 5, 
2023/9/24, 3, 6, 11, 
2023/9/25, 7, 5, 9, 
2023/9/26, 5, 5, 4, 
2023/9/27, 3, 7, 5, 
2023/9/28, 4, 7, 4, 
2023/9/29, 5, 5, , 
2023/9/30, 8, 4, 6, 
2023/4/1, 3, , , 
2023/4/3, 5, 4, 9, 
2023/4/4, 4, 3, 8, 
2023/4/5, 4, 3, 22, 
2023/4/6, 3, 4, 5, 
2023/4/7, 3, 2, 5, 
2023/4/8, 3, 3, 5, 
2023/4/9, 3, 4, 3, 
2023/4/10, 3, 4, 2, 
2023/4/11, 3, 7, 105, 
2023/4/12, 6, 5, , 
2023/4/13, 4, 2, , 
2023/4/14, 3, 3, , 
2023/4/15, 3, 5, , 
2023/4/16, 5, 4, , 
2023/4/17, 4, 4, 4, 
2023/4/18, 4, 5, 5, 
2023/4/19, 3, 5, 5, 
2023/4/20, 4, 7, 2, 
2023/4/21, 4, 8, 2, 
2023/4/22, 4, 6, , 
2023/4/23, 4, 5, 2, 
2023/4/24, 3, 4, 2, 
2023/4/25, 6, 3, , 
2023/4/26, 4, 4, 8, 
2023/4/27, 4, 4, 22, 
2023/4/28, 3, 6, 30, 
2023/4/29, 6, 7, 27, 
2023/4/30, 10, 4, 4, 
2023/5/1, 4, 5, , 
2023/5/2, 3, 8, 2, 
2023/5/3, 4, 3, 2, 
2023/5/4, 3, 4, , 
2023/5/5, 4, 3, , 
2023/5/6, 2, 3, , 
2023/5/7, 2, 5, , 
2023/5/8, 3, 5, 6, 
2023/5/9, 2, 4, 2, 
2023/5/10, 3, 5, 13, 
2023/5/11, 3, 5, 3, 
2023/5/12, 4, 3, , 
2023/5/13, 3, 2, 7, 
2023/5/14, 2, 3, , 
2023/5/15, 3, 3, , 
2023/5/16, 2, 4, , 
2023/5/17, 4, 6, , 
2023/5/18, 4, 5, , 
2023/5/19, 4, 2, 2, 
2023/5/20, 2, 3, , 
2023/5/21, 3, 6, 21, 
2023/5/22, 7, 5, 2, 
2023/5/23, 6, 3, 2, 
2023/5/24, 3, 6, 31, 
2023/5/25, 4, 8, , 
2023/5/26, 6, 24, 2, 1
2023/5/27, 24, 22, 3, 1
2023/5/28, 23, 16, 2, 1
2023/5/29, 20, 10, 2, 
2023/5/30, 11, 19, 2, 
2023/5/31, 12, 4, 5, 
2023/6/1, 6, 2, 5, 
2023/6/2, 2, 3, 15, 
2023/6/3, 3, 3, 2, 
2023/6/4, 4, 6, 2, 
2023/6/5, 2, 1, , 
2023/6/6, 2, 2, 2, 
2023/6/7, 3, 2, 2, 
2023/6/8, 3, 4, 2, 
2023/6/9, 5, 8, 3, 
2023/6/10, 15, 4, 2, 
2023/6/11, 6, 8, 2, 
2023/6/12, 12, 11, 2, 1
2023/6/13, 15, 6, 2, 
2023/6/14, 11, 4, , 
2023/6/15, 4, 6, 2, 
2023/6/16, 3, 8, 2, 
2023/6/17, 15, 18, 16, 1
2023/6/18, 31, 5, 17, 
2023/6/19, 7, 1, 2, 
2023/6/20, 2, 2, 2, 
2023/6/21, 3, 2, 2, 
2023/6/22, 2, 3, 2, 
2023/6/23, 3, 3, 2, 
2023/6/24, 3, 2, 2, 
2023/6/25, 3, 1, 4, 
2023/6/26, 2, 2, 9, 
2023/6/27, 5, 11, 9, 1
2023/6/28, 21, 5, 2, 1
2023/6/29, 16, 3, 2, 
2023/6/30, 5, 4, 2, 
2023/1/2, 3, 6, , 
2023/1/3, 3, 5, 2, 
2023/1/4, 3, 6, , 
2023/1/5, 3, 6, 4, 
2023/1/6, 3, 7, 4, 
2023/1/7, 4, 6, 5, 
2023/1/8, 5, 6, 2, 
2023/1/9, 4, 10, 2, 
2023/1/10, 5, 12, 4, 
2023/1/11, 8, 6, 5, 
2023/1/12, 6, 13, 12, 
2023/1/13, 8, 12, 2, 
2023/1/14, 5, 9, 2, 
2023/1/15, 7, 10, 3, 
2023/1/16, 7, 7, 2, 
2023/1/17, 5, 7, 2, 
2023/1/18, 5, 7, 2, 
2023/1/19, 5, 5, , 
2023/1/20, 3, 5, , 
2023/1/21, 4, 7, 2, 
2023/1/22, 3, 7, 2, 
2023/1/23, 3, 5, 3, 
2023/1/24, 3, 9, 6, 
2023/1/25, 6, 7, 3, 
2023/1/26, 5, 4, 10, 
2023/1/27, 5, 2, 2, 
2023/1/28, 3, 6, 2, 
2023/1/29, 4, 8, 7, 
2023/1/30, 5, 8, 29, 
2023/1/31, 5, 4, 3, 
2023/2/1, 4, 4, , 
2023/2/2, 4, 7, , 
2023/2/3, 7, 7, , 
2023/2/4, 5, , , 
2023/2/6, 4, 8, 4, 
2023/2/7, 9, 11, 15, 
2023/2/8, 13, 8, 8, 
2023/2/9, 7, 8, 3, 
2023/2/10, 5, 9, 4, 
2023/2/11, 4, 5, 2, 
2023/2/12, 5, 8, 3, 
2023/2/13, 6, 20, 11, 
2023/2/14, 9, 7, 21, 
2023/2/15, 6, 6, 3, 
2023/2/16, 4, 6, 7, 
2023/2/17, 4, 8, 4, 
2023/2/18, 4, 12, 3, 
2023/2/19, 5, 5, 6, 
2023/2/20, 6, 5, 3, 
2023/2/21, 4, 7, 14, 
2023/2/22, 10, 3, 3, 
2023/2/23, 5, 5, 2, 
2023/2/24, 4, 5, , 
2023/2/25, 4, 5, 3, 
2023/2/26, 4, 3, 3, 
2023/2/27, 3, 4, 2, 
2023/2/28, 2, 5, 2, 
2023/3/1, 3, 4, 3, 
2023/3/2, 3, 5, 3, 
2023/3/3, 3, 6, 14, 
2023/3/4, 4, , , 
2023/3/8, 6, 6, 4, 
2023/3/9, 5, 6, 31, 
2023/3/10, 4, 4, 3, 
2023/3/11, 6, 7, 3, 
2023/3/12, 5, 8, 6, 
2023/3/13, 4, 6, 6, 
2023/3/14, 5, 9, 5, 
2023/3/15, 6, 9, 6, 
2023/3/16, 7, 4, 11, 
2023/3/17, 3, 3, 4, 
2023/3/18, 3, 5, 3, 
2023/3/19, 3, 7, 3, 
2023/3/20, 3, 11, 4, 
2023/3/21, 5, 7, 5, 
2023/3/22, 5, 6, 6, 
2023/3/23, 6, 5, 5, 
2023/3/24, 4, 4, 5, 
2023/3/25, 5, 2, 5, 
2023/3/26, 4, 3, 4, 
2023/3/27, 3, 3, 4, 
2023/3/28, 3, 3, , 
2023/3/29, 3, 4, , 
2023/3/30, 4, 4, , 
2023/3/31, 3, 2, 5, 
2022/10/1, 3, 2, 2, 
2022/10/2, 2, 3, 11, 
2022/10/3, 2, 4, 6, 
2022/10/4, 4, 3, 2, 
2022/10/5, 3, 4, 3, 
2022/10/6, 3, 4, 7, 
2022/10/7, 3, 4, 7, 
2022/10/8, 4, 4, 2, 
2022/10/9, 4, 4, 4, 
2022/10/10, 6, 3, 2, 
2022/10/11, 3, 3, 12, 
2022/10/12, 3, 3, 13, 
2022/10/13, 2, 5, 2, 
2022/10/14, 3, 8, 2, 
2022/10/15, 6, 6, , 
2022/10/16, 4, 3, 20, 
2022/10/17, 5, 4, 8, 
2022/10/18, 3, 4, 5, 
2022/10/19, 3, 8, 2, 
2022/10/20, 4, 4, , 
2022/10/21, 4, 3, 2, 
2022/10/22, 3, 4, 2, 
2022/10/23, 3, 5, 2, 
2022/10/24, 4, 1, , 
2022/10/25, 2, 2, , 
2022/10/26, 2, 4, 2, 
2022/10/27, 3, 4, , 
2022/10/28, 4, 3, 2, 
2022/10/29, 4, 1, 2, 
2022/10/30, 2, 2, 2, 
2022/10/31, 3, 2, 2, 
2022/11/1, 3, 2, 2, 
2022/11/2, 2, 4, 2, 
2022/11/3, 3, 5, 14, 
2022/11/4, 4, 5, 2, 
2022/11/5, 4, 6, 2, 
2022/11/6, 4, 4, 2, 
2022/11/7, 4, 2, 2, 
2022/11/8, 3, 3, 2, 
2022/11/9, 3, 3, 2, 
2022/11/10, 3, 3, , 
2022/11/11, 3, 2, 2, 
2022/11/12, 2, 3, 2, 
2022/11/13, 3, 3, 2, 
2022/11/14, 3, 3, 2, 
2022/11/15, 3, 4, 2, 
2022/11/16, 3, 4, 3, 
2022/11/17, 4, 2, 2, 
2022/11/18, 3, 2, , 
2022/11/19, 3, 3, 7, 
2022/11/20, 3, 5, , 
2022/11/21, 4, 5, 2, 
2022/11/22, 3, 5, 6, 
2022/11/23, 3, 4, 2, 
2022/11/24, 4, 5, 5, 
2022/11/25, 4, 4, 10, 
2022/11/26, 5, 3, 5, 
2022/11/27, 3, 5, , 
2022/11/28, 3, 4, , 
2022/11/29, 3, 7, , 
2022/11/30, 3, 8, , 
2022/12/1, 6, 7, 21, 
2022/12/2, 7, , , 
2022/12/12, 3, 6, 2, 
2022/12/13, 4, 5, 2, 
2022/12/14, 3, 7, 2, 
2022/12/15, 4, 7, 2, 
2022/12/16, 5, 5, 2, 
2022/12/17, 5, 6, 2, 
2022/12/18, 4, 7, 6, 
2022/12/19, 5, 7, 3, 
2022/12/20, 6, 7, , 
2022/12/21, 6, 6, 2, 
2022/12/22, 4, 10, 5, 
2022/12/23, 4, 6, 2, 
2022/12/24, 4, 5, 4, 
2022/12/25, 5, 7, 8, 
2022/12/26, 6, 9, 9, 
2022/12/27, 5, 9, 2, 
2022/12/28, 5, 8, 2, 
2022/12/29, 4, 9, 2, 
2022/12/30, 4, 13, 3, 
2022/12/31, 6, 5, 3, 
2023/1/1, 4, 5, 2, 
2022/7/1, 3, 5, , 
2022/7/2, 3, 5, , 
2022/7/3, 3, 3, 28, 
2022/7/4, 4, 11, 2, 
2022/7/5, 20, 13, 13, 
2022/7/6, 14, 7, 5, 
2022/7/7, 5, 5, , 
2022/7/8, 4, 4, , 
2022/7/9, 3, 3, , 
2022/7/10, 3, 5, 5, 
2022/7/11, 7, 13, 9, 
2022/7/12, 18, 5, 5, 
2022/7/13, 4, 4, , 
2022/7/14, 3, 2, , 
2022/7/15, 3, 7, 5, 
2022/7/16, 8, 3, 2, 
2022/7/17, 3, 3, 5, 
2022/7/18, 4, 6, 12, 
2022/7/19, 11, 5, 6, 
2022/7/20, 6, 3, 10, 
2022/7/21, 5, 7, , 
2022/7/22, 11, 7, 2, 
2022/7/23, 13, 3, 2, 
2022/7/24, 8, 15, 6, 
2022/7/25, 24, 11, 2, 
2022/7/26, 24, 12, 2, 
2022/7/27, 18, 5, , 
2022/7/28, 3, 3, , 
2022/7/29, 4, 4, 2, 
2022/7/30, 3, 8, 2, 
2022/7/31, 15, 2, 2, 
2022/8/1, 4, 4, 2, 
2022/8/2, 4, 5, 2, 
2022/8/3, 4, 3, 2, 
2022/8/4, 2, 2, , 
2022/8/5, 4, 12, 5, 
2022/8/6, 23, 7, , 
2022/8/7, 18, 9, 2, 
2022/8/8, 17, 4, 2, 
2022/8/9, 49, , , 
2022/8/10, 216, , 13, 
2022/8/12, 5, 5, 2, 
2022/8/13, 3, 3, , 
2022/8/14, 3, 4, 17, 
2022/8/15, 4, 2, 2, 
2022/8/16, 4, 2, 2, 
2022/8/17, 3, 10, 2, 
2022/8/18, 11, 11, 2, 
2022/8/19, 17, 9, 19, 
2022/8/20, 12, 9, 37, 
2022/8/21, 17, 4, 11, 
2022/8/22, 3, 4, , 
2022/8/23, 3, 5, , 
2022/8/24, 3, 5, 9, 
2022/8/25, 4, 6, 9, 
2022/8/26, 4, 3, 2, 
2022/8/27, 3, 2, 2, 
2022/8/28, 2, 5, , 
2022/8/29, 9, 5, 2, 
2022/8/30, 3, 5, 3, 
2022/8/31, 3, 5, , 
2022/9/1, 3, 6, , 
2022/9/2, 2, 3, 2, 
2022/9/3, 3, 4, 2, 
2022/9/4, 4, 4, 2, 
2022/9/5, 8, 2, 2, 
2022/9/6, 3, 1, 2, 
2022/9/7, 2, 4, 12, 
2022/9/8, 5, 5, 3, 
2022/9/9, 4, 5, 5, 
2022/9/10, 7, 4, 8, 
2022/9/11, 3, 4, 7, 
2022/9/12, 3, 5, 2, 
2022/9/13, 4, 4, 2, 
2022/9/14, 4, 2, 2, 
2022/9/15, 3, 3, 2, 
2022/9/16, 4, 12, 3, 
2022/9/17, 15, 6, 4, 
2022/9/18, 5, 3, , 
2022/9/19, 4, 3, 2, 
2022/9/20, 3, 6, 4, 
2022/9/21, 6, 5, 7, 
2022/9/22, 4, 6, 5, 
2022/9/23, 5, 3, 9, 
2022/9/24, 3, 6, 8, 
2022/9/25, 5, 3, 6, 
2022/9/26, 4, 3, , 
2022/9/27, 3, 8, 2, 
2022/9/28, 3, 9, , 
2022/9/29, 3, 6, 2, 
2022/9/30, 4, 2, 2, 
2022/4/1, 4, 7, 36, 
2022/4/2, 6, 4, 2, 
2022/4/3, 4, 3, 9, 
2022/4/4, 4, 2, 18, 
2022/4/5, 2, 2, , 
2022/4/6, 3, 4, , 
2022/4/7, 3, 3, , 
2022/4/8, 3, 4, , 
2022/4/9, 4, 4, 2, 
2022/4/10, 4, 4, , 
2022/4/11, 4, 2, 21, 
2022/4/12, 3, , , 
2022/4/19, 4, 3, , 
2022/4/20, 3, 2, , 
2022/4/21, 3, 2, , 
2022/4/22, 2, 1, , 
2022/4/23, 2, 3, , 
2022/4/24, 3, 4, 6, 
2022/4/25, 3, 4, , 
2022/4/26, 4, 2, 19, 
2022/4/27, 3, 4, , 
2022/4/28, 4, 5, 24, 
2022/4/29, 5, 6, , 
2022/4/30, 4, 6, , 
2022/5/1, 4, 7, 17, 
2022/5/2, 6, 3, 24, 
2022/5/3, 4, 2, , 
2022/5/4, 2, 3, , 
2022/5/5, 2, 4, , 
2022/5/6, 2, 3, 13, 
2022/5/7, 3, 6, 4, 
2022/5/8, 4, 7, , 
2022/5/9, 3, 5, 11, 
2022/5/10, 3, 3, , 
2022/5/11, 3, 5, 12, 
2022/5/12, 4, 3, , 
2022/5/13, 3, 3, , 
2022/5/14, 3, 4, , 
2022/5/15, 4, 5, 14, 
2022/5/16, 5, 4, , 
2022/5/17, 3, 7, , 
2022/5/18, 4, 8, , 
2022/5/19, 8, 6, 2, 
2022/5/20, 4, 3, 3, 
2022/5/21, 3, 3, 3, 
2022/5/22, 4, 2, , 
2022/5/23, 3, 2, , 
2022/5/24, 3, 5, , 
2022/5/25, 5, 5, , 
2022/5/26, 5, 4, , 
2022/5/27, 3, 5, 56, 
2022/5/28, 5, 3, , 
2022/5/29, 3, 2, , 
2022/5/30, 3, 1, , 
2022/5/31, 3, 2, , 
2022/6/1, 4, 5, , 
2022/6/2, 9, 4, , 
2022/6/3, 4, 6, 2, 
2022/6/4, 11, 1, , 
2022/6/5, 2, 3, , 
2022/6/6, 3, 3, , 
2022/6/7, 2, 3, , 
2022/6/8, 2, 4, , 
2022/6/9, 3, 3, 9, 
2022/6/10, 3, 2, 11, 
2022/6/11, 2, 2, , 
2022/6/12, 3, 5, , 
2022/6/13, 4, 9, 2, 
2022/6/14, 12, 10, 2, 
2022/6/15, 17, 4, 17, 
2022/6/16, 6, 1, , 
2022/6/17, 3, 2, , 
2022/6/18, 2, 2, , 
2022/6/19, 4, 12, 2, 
2022/6/20, 23, 20, 2, 
2022/6/21, 29, 9, 2, 
2022/6/22, 15, 8, 18, 
2022/6/23, 16, 3, 8, 
2022/6/24, 3, 2, 2, 
2022/6/25, 2, 3, , 
2022/6/26, 3, 14, 2, 
2022/6/27, 17, 9, 22, 
2022/6/28, 9, 4, , 
2022/6/29, 3, 2, , 
2022/6/30, 2, 2, , 
2022/1/3, 4, 6, 5, 
2022/1/4, 3, 7, 6, 
2022/1/5, 4, 5, 6, 
2022/1/6, 3, 5, 6, 
2022/1/7, 3, 6, 7, 
2022/1/8, 3, 7, 18, 
2022/1/9, 4, 4, 6, 
2022/1/10, 3, 6, 6, 
2022/1/11, 3, 10, 5, 
2022/1/12, 4, 9, 39, 
2022/1/13, 9, 6, 42, 
2022/1/14, 5, 5, 2, 
2022/1/15, 4, 5, , 
2022/1/16, 3, 5, , 
2022/1/17, 5, 6, , 
2022/1/18, 6, 7, , 
2022/1/19, 4, 5, 2, 
2022/1/20, 3, 4, , 
2022/1/21, 3, 6, , 
2022/1/22, 5, 5, , 
2022/1/23, 4, 9, 2, 
2022/1/24, 5, 2, , 
2022/1/25, 3, 3, 28, 
2022/1/26, 4, 2, , 
2022/1/27, 2, 3, , 
2022/1/28, 2, 3, , 
2022/1/29, 2, 6, , 
2022/1/30, 4, 15, 2, 
2022/1/31, 6, 5, , 
2022/2/1, 3, 6, , 
2022/2/2, 4, 5, , 
2022/2/3, 2, 5, , 
2022/2/4, 3, 6, , 
2022/2/5, 4, 9, 34, 
2022/2/6, 3, 4, , 
2022/2/7, 2, , , 
2022/2/9, 9, , , 
2022/2/15, 6, 5, , 
2022/2/16, 4, 3, , 
2022/2/17, 2, 5, , 
2022/2/18, 2, 9, 9, 
2022/2/19, 5, 9, 2, 
2022/2/20, 6, 5, , 
2022/2/21, 3, 7, 9, 
2022/2/22, 4, 7, , 
2022/2/23, 3, 9, , 
2022/2/24, 4, 7, , 
2022/2/25, 3, 8, 2, 
2022/2/26, 6, 10, , 
2022/2/27, 5, 8, , 
2022/2/28, 7, 7, , 
2022/3/1, 6, 5, 22, 
2022/3/2, 5, 5, 13, 
2022/3/3, 4, 4, , 
2022/3/4, 4, 3, , 
2022/3/5, 5, 3, , 
2022/3/6, 4, 2, , 
2022/3/7, 4, 2, , 
2022/3/8, 4, 4, , 
2022/3/9, 3, 9, , 
2022/3/10, 5, 13, , 
2022/3/11, 5, 8, 15, 
2022/3/12, 4, 6, 18, 
2022/3/13, 10, 6, , 
2022/3/14, 6, 7, , 
2022/3/15, 8, 6, 2, 
2022/3/16, 8, 7, 2, 
2022/3/17, 6, 6, 10, 
2022/3/18, 5, 8, 19, 
2022/3/19, 5, 6, 8, 
2022/3/20, 5, 5, 7, 
2022/3/21, 4, 3, , 
2022/3/22, 3, 4, 2, 
2022/3/23, 3, 3, , 
2022/3/24, 2, 5, , 
2022/3/25, 2, 5, 30, 
2022/3/26, 3, 3, , 
2022/3/27, 5, 3, , 
2022/3/28, 3, 3, , 
2022/3/29, 3, 3, , 
2022/3/30, 3, 4, , 
2022/3/31, 3, 5, , 
2021/11/7, 4, 4, , 
2021/11/8, 3, 1, , 
2021/11/9, 4, 3, 2, 
2021/11/10, 3, 3, 9, 
2021/11/11, 4, 3, 17, 
2021/11/12, 3, 4, 5, 
2021/11/13, 3, 4, , 
2021/11/14, 2, 5, 11, 
2021/11/15, 3, 6, 11, 
2021/11/16, 3, 7, 9, 
2021/11/17, 6, 4, , 
2021/11/18, 5, 1, , 
2021/11/19, 2, 3, , 
2021/11/20, 3, 5, , 
2021/11/21, 4, 3, , 
2021/11/22, 4, 4, 5, 
2021/11/23, 3, 3, , 
2021/11/24, 3, 3, , 
2021/11/25, 2, 3, , 
2021/11/26, 3, 2, , 
2021/11/27, 2, 5, 5, 
2021/11/28, 3, 5, , 
2021/11/29, 4, 4, 3, 
2021/11/30, 3, 4, 2, 
2021/12/1, 2, 6, , 
2021/12/2, 4, 6, , 
2021/12/3, 3, 5, , 
2021/12/4, 4, 6, 5, 
2021/12/5, 5, 6, , 
2021/12/6, 4, 6, 2, 
2021/12/7, 3, 7, 2, 
2021/12/8, 3, 7, 2, 
2021/12/9, 3, 7, , 
2021/12/10, 3, 8, 10, 
2021/12/11, 9, 4, 22, 
2021/12/12, 4, 8, 5, 
2021/12/13, 4, 9, , 
2021/12/14, 5, 9, , 
2021/12/15, 6, 11, 3, 
2021/12/16, 4, 4, 3, 
2021/12/17, 3, 5, 4, 
2021/12/18, 3, 4, 6, 
2021/12/19, 3, 7, 8, 
2021/12/20, 4, 6, 5, 
2021/12/21, 4, 5, 5, 
2021/12/22, 5, 5, 5, 
2021/12/23, 3, 6, , 
2021/12/24, 4, 2, 4, 
2021/12/25, 2, 2, , 
2021/12/26, 3, 4, 5, 
2021/12/27, 3, 6, , 
2021/12/28, 5, 6, , 
2021/12/29, 5, 9, 6, 
2021/12/30, 5, 11, 6, 
2021/12/31, 5, 3, 6, 
2022/1/1, 3, 4, , 
2022/1/2, 3, 6, 10, 
2021/7/1, 79, 19, , 
2021/7/2, 58, 14, 2, 
2021/7/3, 46, 9, 2, 
2021/7/4, 19, 6, 2, 
2021/7/5, 12, 9, 2, 
2021/7/6, 20, 10, 2, 
2021/7/7, 26, 7, 2, 
2021/7/8, 12, 12, 2, 
2021/7/9, 37, 5, 2, 
2021/7/10, 10, 12, 3, 
2021/7/11, 36, 16, 2, 
2021/7/12, 30, 5, 2, 
2021/7/13, 8, 5, 2, 
2021/7/14, 9, 6, 2, 
2021/7/15, 7, 8, , 
2021/7/16, 12, 11, 9, 
2021/7/17, 31, 32, 2, 
2021/7/18, 83, 16, 2, 
2021/7/19, 46, 6, 2, 
2021/7/20, 14, 3, 2, 
2021/7/21, 7, 4, 2, 
2021/7/22, 8, 14, 2, 
2021/7/23, 40, 7, 2, 
2021/7/24, 12, 6, , 
2021/7/25, 14, 10, 2, 
2021/7/26, 34, 5, 2, 
2021/7/27, 8, 7, 2, 
2021/7/28, 14, 7, 2, 
2021/7/29, 17, 4, 2, 
2021/7/30, 62, , 2, 
2021/8/3, 10, 24, 2, 
2021/8/4, 61, 16, , 
2021/8/5, 40, 7, 2, 
2021/8/6, 4, 5, 2, 
2021/8/7, 7, 5, , 
2021/8/8, 8, 4, 2, 
2021/8/9, 8, 4, 2, 
2021/8/10, 2, 4, 2, 
2021/8/11, 15, 28, 4, 
2021/8/12, 69, 9, 2, 
2021/8/13, 16, 16, 3, 
2021/8/14, 28, 6, , 
2021/8/15, 9, 5, , 
2021/8/16, 2, 9, 2, 
2021/8/17, 5, 13, 2, 
2021/8/18, 13, 9, , 
2021/8/19, 12, 9, 2, 
2021/8/20, 13, 16, 2, 
2021/8/21, 39, 3, 3, 
2021/8/22, 2, 9, 2, 
2021/8/23, 6, 13, 2, 
2021/8/24, 11, 10, 10, 
2021/8/25, 11, 11, 2, 
2021/8/26, 12, 9, 2, 
2021/8/27, 13, 9, 2, 
2021/8/28, 19, 21, 4, 
2021/8/29, 58, 5, 2, 
2021/8/30, 9, 8, 2, 
2021/8/31, 14, 17, 2, 
2021/9/1, 31, 9, , 
2021/9/2, 11, 5, 3, 
2021/9/3, 9, 4, 2, 
2021/9/4, 6, 7, , 
2021/9/5, 14, 7, 7, 
2021/9/6, 10, 7, 2, 
2021/9/7, 6, 8, 2, 
2021/9/8, 8, 10, 2, 
2021/9/9, 11, 11, 2, 
2021/9/10, 14, 5, 2, 
2021/9/11, 7, 5, 2, 
2021/9/12, 6, 8, 2, 
2021/9/13, 10, 11, 2, 
2021/9/14, 19, 12, 4, 
2021/9/15, 16, 17, 2, 
2021/9/16, 12, 11, 2, 
2021/9/17, 11, 20, 2, 
2021/9/18, 49, 23, 4, 
2021/9/19, 51, 9, 2, 
2021/9/20, 14, 15, , 
2021/9/21, 23, 18, , 
2021/9/22, 33, , , 
2021/4/4, 13, 12, 3, 
2021/4/5, 15, 13, 4, 
2021/4/6, 12, 19, 2, 
2021/4/7, 27, 15, , 
2021/4/8, 31, 10, , 
2021/4/9, 15, 7, , 
2021/4/10, 9, 9, , 
2021/4/11, 8, 18, 2, 
2021/4/12, 10, 7, 8, 
2021/4/13, 7, 6, 5, 
2021/4/14, 5, 7, , 
2021/4/15, 6, 6, 3, 
2021/4/16, 8, 5, , 
2021/4/17, 5, 6, 2, 
2021/4/18, 6, 8, 23, 
2021/4/19, 6, 10, 15, 
2021/4/20, 23, 9, , 
2021/4/21, 12, 8, , 
2021/4/22, 6, 7, , 
2021/4/23, 5, 7, 13, 
2021/4/24, 6, 10, 3, 
2021/4/25, 12, 13, 2, 
2021/4/26, 14, 16, 2, 
2021/4/27, 19, 28, 2, 
2021/4/28, 27, 13, , 
2021/4/29, 12, 11, , 
2021/4/30, 14, , , 
2021/5/3, 11, 12, , 
2021/5/4, 15, 5, 2, 
2021/5/5, 14, 6, 2, 
2021/5/6, 16, 9, 27, 
2021/5/7, 24, 5, 13, 
2021/5/8, 9, 9, 3, 
2021/5/9, 20, 12, 8, 
2021/5/10, 26, 12, 3, 
2021/5/11, 15, 12, 7, 
2021/5/12, 20, 13, , 
2021/5/13, 17, 9, , 
2021/5/14, 10, 5, , 
2021/5/15, 6, 5, , 
2021/5/16, 8, 7, , 
2021/5/17, 10, 8, 2, 
2021/5/18, 13, 18, 2, 
2021/5/19, 25, 13, , 
2021/5/20, 17, 15, 2, 
2021/5/21, 17, 21, 2, 
2021/5/22, 38, 8, 2, 
2021/5/23, 12, 4, 2, 
2021/5/24, 10, 6, 12, 
2021/5/25, 14, 16, , 
2021/5/26, 45, 7, , 
2021/5/27, 12, 7, 12, 
2021/5/28, 12, 8, , 
2021/5/29, 13, 3, 2, 
2021/5/30, 9, 2, 2, 
2021/5/31, 6, 3, , 
2021/6/1, 3, 2, 4, 
2021/6/2, 3, 12, 3, 
2021/6/3, 39, 28, 2, 
2021/6/4, 73, 28, 2, 
2021/6/5, 77, 18, 2, 
2021/6/6, 54, 18, 3, 
2021/6/7, 57, 10, , 
2021/6/8, 15, 10, 8, 
2021/6/9, 12, 7, 2, 
2021/6/10, 12, 5, 2, 
2021/6/11, 14, 7, 2, 
2021/6/12, 26, 4, 2, 
2021/6/13, 10, 15, 2, 
2021/6/14, 48, 6, , 
2021/6/15, 9, 5, , 
2021/6/16, 13, 5, , 
2021/6/17, 12, 9, , 
2021/6/18, 10, 9, 2, 
2021/6/19, 19, 19, 2, 
2021/6/20, 51, 5, 2, 
2021/6/21, 13, 2, , 
2021/6/22, 2, 3, , 
2021/6/23, 4, 5, 6, 
2021/6/24, 10, 39, 2, 
2021/6/25, 98, 41, 9, 
2021/6/26, 105, 8, 2, 
2021/6/27, 20, 9, 2, 
2021/6/28, 18, 14, 2, 
2021/6/29, 39, 13, 2, 
2021/6/30, 41, 29, , 
2021/1/4, 2, 18, , 
2021/1/5, 7, 18, , 
2021/1/6, 11, 11, , 
2021/1/7, 8, 12, 6, 
2021/1/8, 6, 13, 4, 
2021/1/9, 13, 15, 11, 
2021/1/10, 12, 14, , 
2021/1/11, 15, 16, , 
2021/1/12, 21, 14, , 
2021/1/13, 26, 12, , 
2021/1/14, 18, 11, , 
2021/1/15, 11, 10, , 
2021/1/16, 10, 10, , 
2021/1/17, 7, 8, 2, 
2021/1/18, 7, 8, 4, 
2021/1/19, 8, 14, 2, 
2021/1/20, 9, 16, 2, 
2021/1/21, 21, 14, 3, 
2021/1/22, 20, 6, 2, 
2021/1/23, 6, 9, 4, 
2021/1/24, 13, 9, 4, 
2021/1/25, 17, 10, 2, 
2021/1/26, 16, 10, 3, 
2021/1/27, 19, 8, , 
2021/1/28, 15, 10, , 
2021/1/29, 14, 10, , 
2021/1/30, 12, 10, , 
2021/1/31, 14, 10, , 
2021/2/1, 12, 10, , 
2021/2/2, 9, 4, 2, 
2021/2/3, 7, 10, , 
2021/2/4, 17, 9, , 
2021/2/5, 11, 6, , 
2021/2/6, 8, 5, , 
2021/2/7, 5, 5, 2, 
2021/2/8, 8, 5, 2, 
2021/2/9, 9, 7, 2, 
2021/2/10, 12, 11, 2, 
2021/2/11, 12, 10, , 
2021/2/12, 12, 9, , 
2021/2/13, 13, 6, , 
2021/2/14, 5, 5, , 
2021/2/15, 4, 9, 2, 
2021/2/16, 11, 5, 2, 
2021/2/17, 10, 4, 19, 
2021/2/18, 7, 12, 2, 
2021/2/19, 15, 12, 6, 
2021/2/20, 18, 11, , 
2021/2/21, 17, 10, , 
2021/2/22, 13, 10, , 
2021/2/23, 12, 11, , 
2021/2/24, 12, 12, 2, 
2021/2/25, 13, 11, 2, 
2021/2/26, 10, 10, 2, 
2021/2/27, 10, 6, 2, 
2021/2/28, 10, 6, , 
2021/3/1, 9, 9, , 
2021/3/2, 13, 6, , 
2021/3/3, 12, 6, , 
2021/3/4, 12, 8, , 
2021/3/5, 16, 4, 3, 
2021/3/6, 7, 4, 2, 
2021/3/7, 10, 4, , 
2021/3/8, 10, 5, , 
2021/3/9, 6, 6, 6, 
2021/3/10, 5, 6, , 
2021/3/11, 8, 7, 4, 
2021/3/12, 13, 8, , 
2021/3/13, 10, 10, , 
2021/3/14, 11, 7, , 
2021/3/15, 6, 8, 5, 
2021/3/16, 7, 14, 5, 
2021/3/17, 10, 13, , 
2021/3/18, 9, 12, , 
2021/3/19, 10, 11, , 
2021/3/20, 15, 12, , 
2021/3/21, 24, 13, 2, 
2021/3/22, 19, 15, , 
2021/3/23, 15, 10, , 
2021/3/24, 11, 9, 2, 
2021/3/25, 11, 9, 2, 
2021/3/26, 12, 10, 4, 
2021/3/27, 11, 12, , 
2021/3/28, 13, 15, 2, 
2021/3/29, 17, 13, 11, 
2021/3/30, 10, 16, , 
2021/3/31, 11, , , 
2020/10/1, 31, 16, 2, 
2020/10/2, 25, 7, 7, 
2020/10/3, 10, 5, 3, 
2020/10/4, 6, 8, 2, 
2020/10/5, 10, 6, , 
2020/10/6, 9, 7, 2, 
2020/10/7, 11, 9, 2, 
2020/10/8, 11, 12, 2, 
2020/10/9, 17, 17, 3, 
2020/10/10, 24, 14, 2, 
2020/10/11, 24, 13, , 
2020/10/12, 17, 14, 2, 
2020/10/13, 20, 18, 3, 
2020/10/14, 24, 10, 2, 
2020/10/15, 18, 6, 2, 
2020/10/16, 11, 6, , 
2020/10/17, 10, 14, 2, 
2020/10/18, 15, 15, 2, 
2020/10/19, 15, 7, 2, 
2020/10/20, 13, 10, 12, 
2020/10/21, 19, 8, 6, 
2020/10/22, 15, 5, , 
2020/10/23, 11, 6, , 
2020/10/24, 11, 7, , 
2020/10/25, 9, 9, 2, 
2020/10/26, 11, 18, 2, 
2020/10/27, 17, 15, 8, 
2020/10/28, 22, 16, , 
2020/10/29, 22, 17, , 
2020/10/30, 21, 16, 2, 
2020/10/31, 18, 18, , 
2020/11/1, 27, 12, , 
2020/11/2, 26, 4, , 
2020/11/3, 11, 35, , 
2020/11/4, 10, 23, , 
2020/11/5, 8, 7, 5, 
2020/11/6, 4, 5, 2, 
2020/11/7, 3, 7, 2, 
2020/11/8, 8, 12, , 
2020/11/9, 14, 10, , 
2020/11/10, 2, 8, 2, 
2020/11/11, 9, 6, 2, 
2020/11/12, 5, 9, 2, 
2020/11/13, 7, 4, , 
2020/11/14, 2, 2, 2, 
2020/11/16, 6, 15, 6, 
2020/11/17, 12, 9, 6, 
2020/11/18, 12, 11, 2, 
2020/11/19, 10, 12, 3, 
2020/11/20, 13, 10, 3, 
2020/11/21, 11, 8, , 
2020/11/22, 5, 6, , 
2020/11/23, 5, 13, 2, 
2020/11/24, 5, 19, , 
2020/11/25, 17, 11, 3, 
2020/11/26, 12, 16, 5, 
2020/11/27, 25, 11, 5, 
2020/11/28, 16, 6, 3, 
2020/11/29, 7, 14, , 
2020/11/30, 10, 7, 2, 
2020/12/1, 3, 10, 2, 
2020/12/2, 9, 14, 3, 
2020/12/3, 9, 20, 2, 
2020/12/4, 14, 10, 3, 
2020/12/5, 8, 13, 6, 
2020/12/6, 18, 10, , 
2020/12/7, 9, 12, 2, 
2020/12/8, 11, 17, , 
2020/12/9, 7, 40, , 
2020/12/10, 20, 21, , 
2020/12/11, 18, 4, 11, 
2020/12/12, 5, 5, 2, 
2020/12/13, 13, 13, 11, 
2020/12/14, 9, 26, , 
2020/12/15, 13, 15, , 
2020/12/16, 11, 9, , 
2020/12/17, 6, 10, , 
2020/12/18, 7, 6, , 
2020/12/19, 3, 9, 6, 
2020/12/20, 6, 18, , 
2020/12/21, 11, 15, , 
2020/12/22, 7, 17, , 
2020/12/23, 10, 9, , 
2020/12/24, 3, 9, 2, 
2020/12/25, 4, 17, 4, 
2020/12/26, 11, 30, , 
2020/12/27, 10, 16, , 
2020/12/28, 7, 11, , 
2020/12/29, 8, 10, , 
2020/12/30, 8, 10, , 
2020/12/31, 7, 12, , 
2021/1/1, 15, 20, , 
2021/1/2, 16, 9, 2, 
2021/1/3, 9, 7, , 
2020/7/1, 11, 14, 2, 
2020/7/2, 40, 9, , 
2020/7/3, 13, 8, 9, 
2020/7/4, 9, 8, 6, 
2020/7/5, 11, 9, , 
2020/7/6, 12, 14, 2, 
2020/7/7, 43, 27, , 
2020/7/8, 73, 13, 5, 
2020/7/9, 25, 40, 19, 
2020/7/10, 7, 18, , 
2020/7/11, 15, 19, 11, 
2020/7/12, 14, 20, , 
2020/7/13, 17, 9, , 
2020/7/14, 12, 26, 2, 
2020/7/15, 66, 15, , 
2020/7/16, 32, 6, , 
2020/7/17, 11, 4, , 
2020/7/18, 11, 20, 15, 
2020/7/19, 61, 6, , 
2020/7/20, 11, 8, 2, 
2020/7/21, 10, 8, , 
2020/7/22, 13, 8, , 
2020/7/23, 14, 11, , 
2020/7/24, 19, 22, , 
2020/7/25, 44, 14, 16, 
2020/7/26, 37, 18, , 
2020/7/27, 48, 13, 2, 
2020/7/28, 27, 15, , 
2020/7/29, 31, 9, 2, 
2020/7/30, 13, 12, 2, 
2020/7/31, 21, 8, , 
2020/8/1, 11, 8, , 
2020/8/2, 15, 8, 2, 
2020/8/3, 13, 13, 2, 
2020/8/4, 35, 9, 25, 
2020/8/5, 30, 4, 11, 
2020/8/6, 8, 4, 8, 
2020/8/7, 7, 7, , 
2020/8/8, 15, 10, 2, 
2020/8/9, 11, 8, 2, 
2020/8/10, 12, 4, 2, 
2020/8/11, 10, 4, , 
2020/8/12, 8, 4, , 
2020/8/13, 10, 14, 2, 
2020/8/14, 37, 40, 2, 
2020/8/15, 84, 8, 2, 
2020/8/16, 18, 4, 2, 
2020/8/17, 7, 6, , 
2020/8/18, 12, 8, 2, 
2020/8/19, 16, 22, 3, 
2020/8/20, 59, 22, 5, 
2020/8/21, 54, 6, 11, 
2020/8/22, 10, 6, , 
2020/8/23, 16, 9, 6, 
2020/8/24, 28, 10, , 
2020/8/25, 21, 9, 18, 
2020/8/26, 14, 9, , 
2020/8/27, 12, 11, 7, 
2020/8/28, 14, 10, , 
2020/8/29, 14, 11, , 
2020/8/30, 15, 13, 2, 
2020/8/31, 16, 13, 2, 
2020/9/1, 16, 9, , 
2020/9/2, 8, 10, , 
2020/9/3, 16, 17, , 
2020/9/4, 34, , , 
2020/9/7, 13, 14, 2, 
2020/9/8, 29, 12, 8, 
2020/9/9, 17, 16, 2, 
2020/9/10, 24, 7, , 
2020/9/11, 10, , , 
2020/9/14, 9, 10, 2, 
2020/9/15, 11, 12, 5, 
2020/9/16, 17, 9, 10, 
2020/9/17, 11, 7, 4, 
2020/9/18, 9, 18, 2, 
2020/9/19, 30, 17, 2, 
2020/9/20, 14, 13, 7, 
2020/9/21, 11, 7, 2, 
2020/9/22, 13, 12, , 
2020/9/23, 18, 10, 2, 
2020/9/24, 13, 11, , 
2020/9/25, 12, 13, 4, 
2020/9/26, 15, 6, 2, 
2020/9/27, 9, 9, 2, 
2020/9/28, 15, 7, 5, 
2020/9/29, 14, 10, 2, 
2020/9/30, 19, 24, 2, 
2020/4/1, 14, 9, , 
2020/4/2, 13, 13, 13, 
2020/4/3, 20, 12, , 
2020/4/4, 15, 11, , 
2020/4/5, 11, 8, , 
2020/4/6, 10, 7, , 
2020/4/7, 7, 6, , 
2020/4/8, 5, 8, , 
2020/4/9, 8, 17, , 
2020/4/10, 20, 17, 8, 
2020/4/11, 24, 12, , 
2020/4/12, 15, 15, 11, 
2020/4/13, 20, 13, 15, 
2020/4/14, 20, 14, , 
2020/4/15, 22, 16, , 
2020/4/16, 21, 13, 2, 
2020/4/17, 18, 11, 14, 
2020/4/18, 16, 8, , 
2020/4/19, 10, 10, , 
2020/4/20, 13, 17, , 
2020/4/21, 22, 26, , 
2020/4/22, 38, 12, 3, 
2020/4/23, 17, 17, , 
2020/4/24, 26, 11, 2, 
2020/4/25, 16, 10, , 
2020/4/26, 16, 8, , 
2020/4/27, 11, 8, 11, 
2020/4/28, 14, 12, , 
2020/4/29, 15, 12, , 
2020/4/30, 11, 11, , 
2020/5/1, 13, 10, 12, 
2020/5/2, 13, 9, 7, 
2020/5/3, 11, 11, , 
2020/5/4, 11, 18, , 
2020/5/5, 13, 19, , 
2020/5/6, 13, 15, , 
2020/5/7, 17, 11, 2, 
2020/5/8, 20, 11, , 
2020/5/9, 19, 25, 8, 
2020/5/10, 20, 17, 2, 
2020/5/11, 32, 17, 11, 
2020/5/12, 22, 10, 4, 
2020/5/13, 13, 12, 2, 
2020/5/14, 15, 13, 2, 
2020/5/15, 21, 33, 3, 
2020/5/16, 62, 17, 7, 
2020/5/17, 24, 21, 5, 
2020/5/18, 31, 12, 15, 
2020/5/19, 14, 38, 11, 
2020/5/20, 69, 17, , 
2020/5/21, 31, 19, , 
2020/5/22, 34, 12, 14, 
2020/5/23, 15, 19, 6, 
2020/5/24, 13, 72, 4, 
2020/5/25, 26, 7, 3, 
2020/5/26, 11, 18, 3, 
2020/5/27, 52, 21, 2, 
2020/5/28, 63, 26, , 
2020/5/29, 67, , , 
2020/6/3, 13, 32, 2, 
2020/6/4, 25, 49, , 
2020/6/5, 59, 17, , 
2020/6/6, 21, 5, , 
2020/6/7, 6, 12, 5, 
2020/6/8, 13, 47, 2, 
2020/6/9, 40, 33, 2, 
2020/6/10, 41, 37, , 
2020/6/11, 35, 25, , 
2020/6/12, 17, 5, , 
2020/6/13, 9, 8, , 
2020/6/14, 24, 15, , 
2020/6/15, 44, 51, 47, 
2020/6/16, 90, 20, 2, 
2020/6/17, 22, 9, , 
2020/6/18, 10, 7, , 
2020/6/19, 14, 9, , 
2020/6/20, 12, 8, 7, 
2020/6/21, 10, 10, 8, 
2020/6/22, 10, 11, , 
2020/6/23, 16, 18, 2, 
2020/6/24, 38, 48, 5, 
2020/6/25, 106, 12, 2, 
2020/6/26, 19, 37, 5, 
2020/6/27, 87, 23, , 
2020/6/28, 60, 8, , 
2020/6/29, 9, 9, , 
2020/6/30, 10, 6, , 
2020/1/1, 41, , , 
2020/1/7, 20, 32, , 
2020/1/8, 34, 35, , 
2020/1/9, 77, 14, , 
2020/1/10, 25, 15, , 
2020/1/11, 18, , , 
2020/1/16, 27, 12, , 
2020/1/17, 28, , , 
2020/1/20, 14, 13, , 
2020/1/21, 15, 16, , 
2020/1/22, 19, 9, , 
2020/1/23, 14, 5, , 
2020/1/24, 7, , , 
2020/1/30, 24, 13, 6, 
2020/1/31, 12, 12, 2, 
2020/2/1, 12, 10, , 
2020/2/2, 11, 7, , 
2020/2/3, 8, 10, , 
2020/2/4, 12, 9, , 
2020/2/5, 10, 12, , 
2020/2/6, 10, 20, , 
2020/2/7, 17, 18, , 
2020/2/8, 16, 14, 3, 
2020/2/9, 18, 21, , 
2020/2/10, 24, 18, , 
2020/2/11, 27, 6, 2, 
2020/2/12, 10, 12, 2, 
2020/2/13, 21, 10, , 
2020/2/14, 16, 10, 17, 
2020/2/15, 13, 18, 11, 
2020/2/16, 42, 13, , 
2020/2/17, 29, 12, , 
2020/2/18, 18, 19, , 
2020/2/19, 24, 15, , 
2020/2/20, 27, 11, , 
2020/2/21, 16, 10, , 
2020/2/22, 11, 7, , 
2020/2/23, 15, 8, 28, 
2020/2/24, 21, 8, , 
2020/2/25, 21, 9, , 
2020/2/26, 22, 10, , 
2020/2/27, 23, 10, 2, 
2020/2/28, 17, 11, 2, 
2020/2/29, 16, 7, 2, 
2020/3/1, 12, 8, , 
2020/3/2, 11, 9, , 
2020/3/3, 12, 6, 10, 
2020/3/4, 8, 8, , 
2020/3/5, 10, 12, 5, 
2020/3/6, 12, 9, 11, 
2020/3/7, 13, 12, , 
2020/3/8, 22, 14, , 
2020/3/9, 17, 15, 5, 
2020/3/10, 22, 12, 6, 
2020/3/11, 19, 13, 2, 
2020/3/12, 19, 15, , 
2020/3/13, 16, 11, , 
2020/3/14, 18, 12, , 
2020/3/15, 25, 8, , 
2020/3/16, 15, 7, 5, 
2020/3/17, 13, 6, , 
2020/3/18, 7, 8, 8, 
2020/3/19, 11, 13, , 
2020/3/20, 15, 9, , 
2020/3/21, 14, 5, , 
2020/3/22, 9, 4, , 
2020/3/23, 8, 4, , 
2020/3/24, 7, , , 
2020/3/26, 14, 12, , 
2020/3/27, 13, 10, , 
2020/3/28, 14, 10, , 
2020/3/29, 15, 12, , 
2020/3/30, 17, 10, 5, 
2020/3/31, 15, 8, 21, 
2019/10/1, 28, 14, 14, 
2019/10/2, 24, 12, 4, 
2019/10/3, 20, 11, 2, 
2019/10/4, 15, 13, 2, 
2019/10/5, 13, 3, 12, 
2019/10/6, 5, 5, , 
2019/10/7, 6, 7, , 
2019/10/8, 5, 14, 5, 
2019/10/9, 8, 21, , 
2019/10/10, 18, 14, , 
2019/10/11, 24, 10, 10, 
2019/10/12, 15, 3, 2, 
2019/10/13, 4, 5, 5, 
2019/10/14, 11, 6, 11, 
2019/10/15, 8, 6, 5, 
2019/10/16, 7, 8, , 
2019/10/17, 9, 10, , 
2019/10/18, 14, 15, , 
2019/10/19, 16, 17, , 
2019/10/20, 17, 19, , 
2019/10/21, 27, 16, 8, 
2019/10/22, 36, 15, 2, 
2019/10/23, 31, 8, , 
2019/10/24, 14, 10, 5, 
2019/10/25, 11, 7, , 
2019/10/26, 9, 12, 2, 
2019/10/27, 12, 19, , 
2019/10/28, 17, 22, , 
2019/10/29, 21, 29, , 
2019/10/30, 24, 21, , 
2019/10/31, 17, 9, , 
2019/11/1, 9, 5, , 
2019/11/2, 9, 8, 2, 
2019/11/3, 13, 9, , 
2019/11/4, 18, 16, 20, 
2019/11/5, 20, 11, 13, 
2019/11/6, 15, 15, 5, 
2019/11/7, 23, 14, , 
2019/11/8, 21, 10, 6, 
2019/11/9, 11, 17, 2, 
2019/11/10, 14, 18, 2, 
2019/11/11, 24, 18, , 
2019/11/12, 17, 17, , 
2019/11/13, 28, 15, , 
2019/11/14, 10, 18, , 
2019/11/15, 21, 24, , 
2019/11/16, 35, 26, , 
2019/11/17, 27, 24, , 
2019/11/18, 34, 31, 2, 
2019/11/19, 40, 42, , 
2019/11/20, 45, 16, , 
2019/11/21, 16, 18, , 
2019/11/22, 24, 15, , 
2019/11/23, 24, 26, , 
2019/11/24, 44, 39, , 
2019/11/25, 34, 10, 21, 
2019/11/26, 14, 18, 22, 
2019/11/27, 17, 23, , 
2019/11/28, 24, 19, , 
2019/11/29, 18, 11, , 
2019/11/30, 12, 10, , 
2019/12/1, 13, 5, , 
2019/12/2, 8, 9, 2, 
2019/12/3, 8, 15, , 
2019/12/4, 11, 14, , 
2019/12/5, 21, 25, , 
2019/12/6, 29, , , 
2019/12/10, 23, , , 
2019/12/13, 14, 18, , 
2019/12/14, 13, 17, 8, 
2019/12/15, 16, 22, , 
2019/12/16, 27, 18, , 
2019/12/17, 30, 20, 5, 
2019/12/18, 41, 35, 2, 
2019/12/19, 63, 26, , 
2019/12/20, 33, 27, , 
2019/12/21, 44, 22, , 
2019/12/22, 39, 52, 2, 
2019/12/23, 102, 27, 5, 
2019/12/24, 66, 25, , 
2019/12/25, 65, 13, , 
2019/12/26, 35, 8, , 
2019/12/27, 17, 15, , 
2019/12/28, 35, 17, , 
2019/12/29, 35, , , 
2019/7/1, 37, 7, 2, 
2019/7/2, 13, 12, 2, 
2019/7/3, 34, 7, 12, 
2019/7/4, 8, 5, , 
2019/7/5, 7, 7, , 
2019/7/6, 26, 11, 3, 
2019/7/7, 37, 12, 2, 
2019/7/8, 33, 44, , 
2019/7/9, 108, 11, 2, 
2019/7/10, 25, 23, , 
2019/7/11, 59, 19, 18, 
2019/7/12, 53, 7, , 
2019/7/13, 8, 8, , 
2019/7/14, 8, 8, , 
2019/7/15, 7, 8, 2, 
2019/7/16, 14, 28, 2, 
2019/7/17, 58, 32, 6, 
2019/7/18, 72, 25, , 
2019/7/19, 53, 7, 2, 
2019/7/20, 8, 5, , 
2019/7/21, 8, 9, , 
2019/7/22, 18, 19, 2, 
2019/7/23, 45, 44, 2, 
2019/7/24, 103, 18, 2, 
2019/7/25, 47, 8, , 
2019/7/26, 10, 11, 2, 
2019/7/27, 18, 7, 6, 
2019/7/28, 12, 5, , 
2019/7/29, 9, 5, , 
2019/7/30, 8, 7, , 
2019/7/31, 5, 8, , 
2019/8/1, 5, 7, , 
2019/8/2, 4, 7, , 
2019/8/3, 6, 12, , 
2019/8/4, 22, 15, 2, 
2019/8/5, 28, 11, 4, 
2019/8/6, 25, 4, 7, 
2019/8/7, 6, 10, , 
2019/8/8, 23, 7, 3, 
2019/8/9, 17, 7, , 
2019/8/10, 16, 3, , 
2019/8/11, 5, 4, , 
2019/8/12, 5, 8, , 
2019/8/13, 8, 13, 6, 
2019/8/14, 26, 4, , 
2019/8/15, 11, 10, , 
2019/8/16, 28, 5, , 
2019/8/17, 10, 8, 8, 
2019/8/18, 13, 15, , 
2019/8/19, 22, 22, , 
2019/8/20, 49, 9, , 
2019/8/21, 10, 7, , 
2019/8/22, 6, 9, , 
2019/8/23, 10, 4, 20, 
2019/8/24, 5, 5, , 
2019/8/25, 6, 5, , 
2019/8/26, 6, 9, , 
2019/8/27, 10, 11, , 
2019/8/28, 8, 14, , 
2019/8/29, 8, 8, , 
2019/8/30, 12, , , 
2019/9/3, 23, 10, , 
2019/9/4, 21, 5, 4, 
2019/9/5, 6, 5, , 
2019/9/6, 4, 7, , 
2019/9/7, 7, 11, , 
2019/9/8, 9, 12, 5, 
2019/9/9, 8, 16, , 
2019/9/10, 16, 20, , 
2019/9/11, 29, 11, 13, 
2019/9/12, 21, 14, 2, 
2019/9/13, 23, 19, 5, 
2019/9/14, 30, 8, 2, 
2019/9/15, 13, 10, , 
2019/9/16, 15, 12, 2, 
2019/9/17, 17, 15, , 
2019/9/18, 21, 9, 5, 
2019/9/19, 10, 5, 11, 
2019/9/20, 4, 4, 13, 
2019/9/21, 4, 6, 5, 
2019/9/22, 5, 4, , 
2019/9/23, 4, 8, 8, 
2019/9/24, 6, 7, , 
2019/9/25, 5, 23, 3, 
2019/9/26, 51, 13, , 
2019/9/27, 22, 9, , 
2019/9/28, 11, 8, , 
2019/9/29, 12, 12, 2, 
2019/9/30, 18, 18, 3, 
2019/4/1, 8, 14, 10, 
2019/4/2, 15, 7, , 
2019/4/3, 14, 7, 5, 
2019/4/4, 13, 11, 2, 
2019/4/5, 17, 9, 4, 
2019/4/6, 12, 12, 2, 
2019/4/7, 17, 10, , 
2019/4/8, 14, 12, , 
2019/4/9, 12, 13, 4, 
2019/4/10, 14, 13, 7, 
2019/4/11, 15, 13, , 
2019/4/12, 32, 4, , 
2019/4/13, 11, 7, , 
2019/4/14, 18, 7, , 
2019/4/15, 17, 8, , 
2019/4/16, 15, 11, , 
2019/4/17, 12, 14, 5, 
2019/4/18, 19, 11, , 
2019/4/19, 16, 5, 2, 
2019/4/20, 4, 8, 2, 
2019/4/21, 15, 7, , 
2019/4/22, 8, 7, , 
2019/4/23, 8, 11, , 
2019/4/24, 9, 6, , 
2019/4/25, 6, 5, , 
2019/4/26, 5, 7, , 
2019/4/27, 8, 7, , 
2019/4/28, 7, 9, , 
2019/4/29, 10, 8, 14, 
2019/4/30, 6, 7, 4, 
2019/5/1, 7, 9, 8, 
2019/5/2, 10, 15, , 
2019/5/3, 22, 8, , 
2019/5/4, 10, 23, 2, 
2019/5/5, 44, 12, , 
2019/5/6, 16, 9, 3, 
2019/5/7, 11, 17, 19, 
2019/5/8, 37, 11, 7, 
2019/5/9, 14, 20, , 
2019/5/10, 31, 15, , 
2019/5/11, 16, 9, 4, 
2019/5/12, 11, 29, 6, 
2019/5/13, 61, 17, , 
2019/5/14, 23, 13, , 
2019/5/15, 9, 15, , 
2019/5/16, 19, 5, 4, 
2019/5/17, 7, 1, , 
2019/5/18, 2, 9, , 
2019/5/19, 28, 16, , 
2019/5/20, 47, 16, 2, 
2019/5/21, 39, 14, 2, 
2019/5/22, 23, 28, 2, 
2019/5/23, 54, 29, , 
2019/5/24, 66, 25, , 
2019/5/25, 56, 7, , 
2019/5/26, 10, 7, , 
2019/5/27, 9, 8, , 
2019/5/28, 8, 9, , 
2019/5/29, 12, 7, , 
2019/5/30, 9, 10, , 
2019/5/31, 15, 16, , 
2019/6/1, 25, 14, , 
2019/6/2, 15, 8, , 
2019/6/3, 5, 5, , 
2019/6/4, 3, 8, 10, 
2019/6/5, 7, 10, 21, 
2019/6/6, 7, 12, , 
2019/6/7, 9, 6, , 
2019/6/8, 12, 4, , 
2019/6/9, 9, 4, , 
2019/6/10, 7, 4, , 
2019/6/11, 5, 5, , 
2019/6/12, 11, 8, , 
2019/6/13, 23, 19, , 
2019/6/14, 56, 19, , 
2019/6/15, 56, 24, , 
2019/6/16, 70, 21, , 
2019/6/17, 63, 12, , 
2019/6/18, 21, 11, , 
2019/6/19, 13, 10, , 
2019/6/20, 12, 10, 2, 
2019/6/21, 11, 11, , 
2019/6/22, 13, , , 
2019/6/25, 90, 10, 6, 
2019/6/26, 26, 4, , 
2019/6/27, 8, 5, , 
2019/6/28, 9, , , 
2019/6/30, 66, 13, , 
2019/1/1, 22, 13, 6, 
2019/1/2, 20, 12, , 
2019/1/3, 18, 13, 11, 
2019/1/4, 18, 12, , 
2019/1/5, 15, 13, , 
2019/1/6, 22, 12, , 
2019/1/7, 19, 13, 27, 
2019/1/8, 18, 14, , 
2019/1/9, 18, 9, 11, 
2019/1/10, 12, 11, 19, 
2019/1/11, 16, 13, , 
2019/1/12, 15, 24, 2, 
2019/1/13, 37, , , 
2018/10/1, 18, 5, , 
2018/10/2, 9, 5, , 
2018/10/3, 11, 5, 4, 
2018/10/4, 9, 4, 5, 
2018/10/5, 10, 7, 5, 
2018/10/6, 22, 5, , 
2018/10/7, 17, 6, , 
2018/10/8, 19, 4, , 
2018/10/9, 9, 5, , 
2018/10/10, 8, 6, , 
2018/10/11, 11, 14, 2, 
2018/10/12, 27, 9, 2, 
2018/10/13, 23, 3, , 
2018/10/14, 9, 4, 2, 
2018/10/15, 10, 7, , 
2018/10/16, 14, 8, 5, 
2018/10/17, 13, 11, , 
2018/10/18, 18, 6, , 
2018/10/19, 8, 11, 2, 
2018/10/20, 21, 9, , 
2018/10/21, 15, 7, 2, 
2018/10/22, 12, 12, 3, 
2018/10/23, 19, 14, 2, 
2018/10/24, 21, 18, , 
2018/10/25, 27, 30, 6, 
2018/10/26, 48, 22, 9, 
2018/10/27, 50, 12, , 
2018/10/28, 28, 8, 2, 
2018/10/29, 18, 12, 2, 
2018/10/30, 25, 8, 3, 
2018/10/31, 16, 7, 2, 
2018/11/1, 15, 9, 7, 
2018/11/2, 17, 12, 2, 
2018/11/3, 25, 14, 3, 
2018/11/4, 39, 11, , 
2018/11/5, 23, 9, 14, 
2018/11/6, 16, 8, , 
2018/11/7, 13, 10, , 
2018/11/8, 13, 11, 2, 
2018/11/9, 18, 9, 3, 
2018/11/10, 19, 5, 2, 
2018/11/11, 14, 6, 4, 
2018/11/12, 17, 7, 5, 
2018/11/13, 17, 5, , 
2018/11/14, 14, 6, 2, 
2018/11/15, 14, 9, 2, 
2018/11/16, 19, 9, 6, 
2018/11/17, 13, 15, 2, 
2018/11/18, 40, 12, 5, 
2018/11/19, 30, 10, 10, 
2018/11/20, 16, 5, 7, 
2018/11/21, 8, 5, , 
2018/11/22, 3, 15, , 
2018/11/23, 12, 11, , 
2018/11/24, 9, 7, , 
2018/11/25, 9, 8, 8, 
2018/11/26, 8, 12, , 
2018/11/27, 12, 14, , 
2018/11/28, 13, 19, 12, 
2018/11/29, 17, 20, 9, 
2018/11/30, 16, 15, 22, 
2018/12/1, 16, 15, , 
2018/12/2, 37, 11, , 
2018/12/3, 16, 10, , 
2018/12/4, 17, 11, 14, 
2018/12/5, 19, 11, 2, 
2018/12/6, 16, 7, 3, 
2018/12/7, 9, 9, , 
2018/12/8, 12, 11, , 
2018/12/9, 13, 11, 2, 
2018/12/10, 16, 11, , 
2018/12/11, 17, 13, 35, 
2018/12/12, 31, 11, , 
2018/12/13, 17, 12, , 
2018/12/14, 14, 11, , 
2018/12/15, 11, 11, , 
2018/12/16, 11, 11, 16, 
2018/12/17, 15, 12, 8, 
2018/12/18, 34, 194, , 
2018/12/19, 387, 22, , 
2018/12/20, 58, 8, , 
2018/12/21, 6, 7, , 
2018/12/22, 4, 11, 2, 
2018/12/23, 12, 16, 19, 
2018/12/24, 30, 12, , 
2018/12/25, 17, 12, 2, 
2018/12/26, 14, 10, 2, 
2018/12/27, 13, 8, 9, 
2018/12/28, 14, 9, 2, 
2018/12/29, 13, 10, , 
2018/12/30, 16, , , 
2018/7/10, 31, 17, , 
2018/7/11, 29, 14, , 
2018/7/12, 26, 18, 2, 
2018/7/13, 49, 23, 4, 
2018/7/14, 56, 7, 2, 
2018/7/15, 14, 11, , 
2018/7/16, 14, 18, , 
2018/7/17, 23, 21, , 
2018/7/18, 47, 12, 5, 
2018/7/19, 31, 4, 2, 
2018/7/20, 10, 28, , 
2018/7/21, 64, 9, , 
2018/7/22, 12, 10, , 
2018/7/23, 17, 10, , 
2018/7/24, 17, 20, , 
2018/7/25, 59, 7, , 
2018/7/26, 15, 6, 7, 
2018/7/27, 16, 10, , 
2018/7/28, 33, , , 
2018/7/31, 25, 30, , 
2018/8/1, 67, 7, , 
2018/8/2, 8, 6, , 
2018/8/3, 12, 5, , 
2018/8/4, 8, 5, , 
2018/8/5, 12, 5, , 
2018/8/6, 8, 16, , 
2018/8/7, 48, 11, , 
2018/8/8, 35, 8, , 
2018/8/9, 18, 5, , 
2018/8/10, 10, 6, 6, 
2018/8/11, 16, 12, 7, 
2018/8/12, 36, 7, , 
2018/8/13, 17, 8, , 
2018/8/14, 15, 8, 3, 
2018/8/15, 13, 11, 10, 
2018/8/16, 33, 9, 2, 
2018/8/17, 25, 7, 2, 
2018/8/18, 12, 9, , 
2018/8/19, 14, 13, , 
2018/8/20, 20, 13, , 
2018/8/21, 14, 6, , 
2018/8/22, 9, 3, 8, 
2018/8/23, 5, 6, , 
2018/8/24, 13, 10, 2, 
2018/8/25, 18, 20, 4, 
2018/8/26, 41, 12, , 
2018/8/27, 20, , , 
2018/9/8, 35, 24, 2, 
2018/9/9, 59, 14, , 
2018/9/10, 22, 7, 2, 
2018/9/11, 12, 12, 2, 
2018/9/12, 21, 24, , 
2018/9/13, 47, 8, 2, 
2018/9/14, 12, 12, , 
2018/9/15, 19, 13, , 
2018/9/16, 18, 14, 2, 
2018/9/17, 28, 9, 4, 
2018/9/18, 15, 12, 4, 
2018/9/19, 15, 13, 2, 
2018/9/20, 13, 11, 2, 
2018/9/21, 16, 19, 3, 
2018/9/22, 22, 11, 7, 
2018/9/23, 16, 12, , 
2018/9/24, 18, 14, , 
2018/9/25, 26, 10, , 
2018/9/26, 20, 14, , 
2018/9/27, 18, 13, , 
2018/9/28, 17, 17, , 
2018/9/29, 18, 9, 2, 
2018/9/30, 17, 7, , 
2018/4/1, 11, 8, , 
2018/4/2, 17, 11, , 
2018/4/3, 21, 10, , 
2018/4/4, 19, 13, , 
2018/4/5, 29, 11, 5, 
2018/4/6, 25, 12, 2, 
2018/4/7, 27, 13, 2, 
2018/4/8, 34, 13, 5, 
2018/4/9, 26, 11, 2, 
2018/4/10, 17, 16, 2, 
2018/4/11, 21, 16, , 
2018/4/12, 20, 10, 20, 
2018/4/13, 18, , , 
2018/4/16, 13, 10, 2, 
2018/4/17, 14, 15, , 
2018/4/18, 25, 15, , 
2018/4/19, 30, 14, 3, 
2018/4/20, 26, 20, , 
2018/4/21, 30, 13, 3, 
2018/4/22, 23, 10, , 
2018/4/23, 18, 9, 5, 
2018/4/24, 15, 11, , 
2018/4/25, 18, 9, , 
2018/4/26, 14, 13, , 
2018/4/27, 17, 8, , 
2018/4/28, 15, 9, , 
2018/4/29, 14, 12, , 
2018/4/30, 17, 22, 17, 
2018/5/1, 36, 14, 4, 
2018/5/2, 22, 14, 2, 
2018/5/3, 21, 14, 11, 
2018/5/4, 20, 17, 7, 
2018/5/5, 22, 12, , 
2018/5/6, 15, 27, , 
2018/5/7, 25, 23, 10, 
2018/5/8, 33, 17, , 
2018/5/9, 26, 8, , 
2018/5/10, 13, 9, , 
2018/5/11, 16, 11, 6, 
2018/5/12, 16, 14, 2, 
2018/5/13, 19, 25, 7, 
2018/5/14, 39, 16, , 
2018/5/15, 40, 13, , 
2018/5/16, 28, , , 
2018/5/18, 13, , , 
2018/5/21, 9, 8, 3, 
2018/5/22, 10, 17, 2, 
2018/5/23, 17, 19, 6, 
2018/5/24, 23, 53, , 
2018/5/25, 25, 20, , 
2018/5/26, 13, 8, , 
2018/5/27, 15, 8, , 
2018/5/28, 13, 19, 5, 
2018/5/29, 52, 14, , 
2018/5/30, 28, 10, 2, 
2018/5/31, 17, 19, 7, 
2018/6/1, 39, 10, , 
2018/6/2, 14, 10, 3, 
2018/6/3, 15, 8, 4, 
2018/6/4, 12, 13, , 
2018/6/5, 15, 9, 2, 
2018/6/6, 18, 14, 12, 
2018/6/7, 39, 6, 2, 
2018/6/8, 10, , , 
2018/6/12, 45, 8, , 
2018/6/13, 21, 15, 5, 
2018/6/14, 36, 30, , 
2018/6/15, 66, 16, , 
2018/6/16, 29, 8, 8, 
2018/6/17, 13, 6, , 
2018/6/18, 12, 10, , 
2018/6/19, 27, 25, 2, 
2018/6/20, 70, 17, 8, 
2018/6/21, 51, 47, 17, 
2018/6/22, 113, 24, , 
2018/6/23, 58, 8, , 
2018/6/24, 21, 7, , 
2018/6/25, 13, 7, , 
2018/6/26, 14, , , 
2018/1/1, 21, 11, 3, 
2018/1/2, 20, 11, , 
2018/1/3, 21, 15, , 
2018/1/4, 31, 14, , 
2018/1/5, 31, 23, , 
2018/1/6, 28, 15, , 
2018/1/7, 20, , , 
2018/1/9, 18, 8, 4, 
2018/1/10, 19, 11, 8, 
2018/1/11, 26, 11, 7, 
2018/1/12, 16, 11, , 
2018/1/13, 18, 9, , 
2018/1/14, 14, 6, , 
2018/1/15, 7, 8, 5, 
2018/1/16, 14, 8, 16, 
2018/1/17, 16, 8, 7, 
2018/1/18, 23, 6, , 
2018/1/19, 13, 12, , 
2018/1/20, 18, 17, 2, 
2018/1/21, 27, 13, , 
2018/1/22, 29, 11, , 
2018/1/23, 21, 8, , 
2018/1/24, 18, 9, , 
2018/1/25, 21, 9, 4, 
2018/1/26, 21, 11, 5, 
2018/1/27, 19, 8, , 
2018/1/28, 12, 11, , 
2018/1/29, 17, 10, , 
2018/1/30, 13, 11, , 
2018/1/31, 12, 6, , 
2018/2/1, 8, 8, , 
2018/2/2, 12, 7, , 
2018/2/3, 12, 5, 4, 
2018/2/4, 9, 7, , 
2018/2/5, 17, 10, 5, 
2018/2/6, 17, 10, 2, 
2018/2/7, 21, 7, , 
2018/2/8, 15, 8, 3, 
2018/2/9, 19, 11, , 
2018/2/10, 20, 14, 4, 
2018/2/11, 24, 11, , 
2018/2/12, 24, 10, , 
2018/2/13, 22, 12, 2, 
2018/2/14, 17, 13, 3, 
2018/2/15, 21, 15, 5, 
2018/2/16, 24, 12, 28, 
2018/2/17, 20, 4, 4, 
2018/2/18, 9, 6, 9, 
2018/2/19, 14, 2, 8, 
2018/2/20, 7, 3, 24, 
2018/2/21, 6, 4, , 
2018/2/22, 9, 8, , 
2018/2/23, 21, 6, , 
2018/2/24, 13, 7, , 
2018/2/25, 15, 6, 4, 
2018/2/26, 11, 9, 5, 
2018/2/27, 20, 12, , 
2018/2/28, 20, 15, , 
2018/3/1, 24, 10, 2, 
2018/3/2, 17, 9, , 
2018/3/3, 17, 9, , 
2018/3/4, 17, 9, , 
2018/3/5, 16, 8, 2, 
2018/3/6, 13, 12, , 
2018/3/7, 17, 16, , 
2018/3/8, 20, 23, , 
2018/3/9, 25, 26, , 
2018/3/10, 31, 17, , 
2018/3/11, 19, 8, , 
2018/3/12, 13, 13, , 
2018/3/13, 18, 14, 9, 
2018/3/14, 22, 15, 7, 
2018/3/15, 25, 12, 6, 
2018/3/16, 30, 11, 5, 
2018/3/17, 31, 15, , 
2018/3/18, 20, 17, , 
2018/3/19, 22, 12, , 
2018/3/20, 19, 9, 5, 
2018/3/21, 13, 11, 2, 
2018/3/22, 20, 18, 8, 
2018/3/23, 34, 12, , 
2018/3/24, 24, 10, , 
2018/3/25, 17, 9, , 
2018/3/26, 14, 14, 7, 
2018/3/27, 19, 7, 11, 
2018/3/28, 11, 12, 3, 
2018/3/29, 15, 14, , 
2018/3/30, 18, 15, 2, 
2018/3/31, 23, 6, , 
2017/11/24, 15, 11, 2, 
2017/11/25, 14, 13, 2, 
2017/11/26, 18, 25, , 
2017/11/27, 24, 19, 8, 
2017/11/28, 29, 14, 6, 
2017/11/29, 26, 10, , 
2017/11/30, 14, 6, , 
2017/12/1, 11, 6, , 
2017/12/2, 9, 7, , 
2017/12/3, 10, 10, 3, 
2017/12/4, 13, 14, 14, 
2017/12/5, 17, 12, 9, 
2017/12/6, 22, 11, , 
2017/12/7, 16, 13, 2, 
2017/12/8, 17, 18, , 
2017/12/9, 35, 21, 19, 
2017/12/10, 27, 15, , 
2017/12/11, 23, 14, 11, 
2017/12/12, 31, 14, 8, 
2017/12/13, 25, 10, 5, 
2017/12/14, 16, 13, 8, 
2017/12/15, 23, 14, , 
2017/12/16, 27, 18, , 
2017/12/17, 30, 18, , 
2017/12/18, 15, 10, 5, 
2017/12/19, 11, 7, , 
2017/12/20, 11, 14, 3, 
2017/12/21, 16, , 2, 
2017/12/23, 31, 13, , 
2017/12/24, 21, 17, 9, 
2017/12/25, 32, 13, 2, 
2017/12/26, 19, 14, 2, 
2017/12/27, 25, 22, , 
2017/12/28, 35, 7, , 
2017/12/29, 17, 10, 5, 
2017/12/30, 18, , , 
2025/3/31, , 9, , 
2024/12/31, , 7, , 
2025/1/27, , 8, , 
2025/2/3, , 9, , 
2025/3/23, , 11, , 
2024/8/4, , 10, , 
2024/8/8, , 9, 2, 
2024/5/5, , 3, 3, 
2024/1/14, , 7, 11, 
2024/1/18, , 5, 56, 
2023/11/12, , 10, 6, 
2023/4/2, , 7, 5, 
2023/2/5, , 4, 3, 
2023/3/7, , 10, 2, 
2022/12/11, , 6, 2, 
2022/8/11, , 5, , 
2022/4/18, , 4, 25, 
2022/2/8, , 10, 2, 
2022/2/14, , 8, , 
2021/11/6, , 6, , 
2021/8/2, , 7, 3, 
2021/4/3, , 10, , 
2021/5/2, , 16, , 
2020/11/15, , 6, 5, 
2020/9/6, , 6, , 
2020/9/13, , 7, , 
2020/6/2, , 13, 3, 
2019/12/31, , 21, , 
2020/1/6, , 18, 2, 
2020/1/15, , 12, , 
2020/1/19, , 8, 3, 
2020/1/29, , 15, , 
2020/3/25, , 10, , 
2019/12/9, , 13, , 
2019/12/12, , 12, , 
2019/9/2, , 12, , 
2019/3/31, , 9, , 
2019/6/24, , 38, 2, 
2019/6/29, , 22, , 
2018/12/31, , 16, 4, 
2018/7/9, , 18, , 
2018/7/30, , 12, 2, 
2018/9/7, , 12, , 
2018/4/15, , 10, , 
2018/5/17, , 10, 2, 
2018/5/20, , 7, , 
2018/6/11, , 17, , 
2017/12/31, , 11, 5, 
2018/1/8, , 11, , 
2017/11/23, , 10, 5, 
2017/12/22, , 16, , 
2021/7/31, , , 2, 
2018/6/10, , , 2, 